Mouse ID,Timepoint,Tumor Volume (mm3),Metastatic Sites,Drug Regimen,Sex,Age_months,Weight (g)
b128,0,45.0,0,Capomulin,Female,9,22
f932,0,45.0,0,Ketapril,Male,15,29
g107,0,45.0,0,Ketapril,Female,2,29
a457,0,45.0,0,Ketapril,Female,11,30
c819,0,45.0,0,Ketapril,Male,21,25
h246,0,45.0,0,Ketapril,Male,13,30
p189,0,45.0,0,Ketapril,Male,8,28
n923,0,45.0,0,Ketapril,Male,19,30
q119,0,45.0,0,Ketapril,Male,17,30
f993,0,45.0,0,Naftisol,Male,21,28
z234,0,45.0,0,Naftisol,Female,19,27
b559,0,45.0,0,Naftisol,Male,20,26
y260,0,45.0,0,Ketapril,Female,7,25
x930,0,45.0,0,Naftisol,Male,13,26
o725,0,45.0,0,Naftisol,Male,4,26
z969,0,45.0,0,Naftisol,Male,9,30
v835,0,45.0,0,Naftisol,Male,7,29
r604,0,45.0,0,Naftisol,Male,7,30
n304,0,45.0,0,Naftisol,Male,9,26
l700,0,45.0,0,Naftisol,Female,18,27
x336,0,45.0,0,Naftisol,Female,4,29
l725,0,45.0,0,Naftisol,Female,8,26
m133,0,45.0,0,Naftisol,Female,2,26
v295,0,45.0,0,Naftisol,Female,2,27
a818,0,45.0,0,Naftisol,Female,12,28
y601,0,45.0,0,Naftisol,Female,23,25
t724,0,45.0,0,Naftisol,Female,2,25
k382,0,45.0,0,Ketapril,Male,22,29
w422,0,45.0,0,Ketapril,Female,18,26
c326,0,45.0,0,Infubinol,Female,18,25
c139,0,45.0,0,Infubinol,Male,11,28
v339,0,45.0,0,Infubinol,Male,20,26
a577,0,45.0,0,Infubinol,Female,6,25
y163,0,45.0,0,Infubinol,Female,17,27
k483,0,45.0,0,Infubinol,Female,20,30
k804,0,45.0,0,Infubinol,Female,23,29
o809,0,45.0,0,Infubinol,Male,3,25
z581,0,45.0,0,Infubinol,Female,24,25
a251,0,45.0,0,Infubinol,Female,21,25
i386,0,45.0,0,Infubinol,Female,23,29
c580,0,45.0,0,Ketapril,Male,22,25
q132,0,45.0,0,Infubinol,Female,1,30
u327,0,45.0,0,Ketapril,Male,17,25
v603,0,45.0,0,Ketapril,Female,22,30
f278,0,45.0,0,Ketapril,Male,12,30
g497,0,45.0,0,Ketapril,Male,19,28
d474,0,45.0,0,Ketapril,Male,18,27
o973,0,45.0,0,Ketapril,Female,11,29
c832,0,45.0,0,Ketapril,Male,18,29
o331,0,45.0,0,Ketapril,Male,24,30
m650,0,45.0,0,Ketapril,Male,15,27
v289,0,45.0,0,Ketapril,Female,3,26
m550,0,45.0,0,Ketapril,Male,18,28
h428,0,45.0,0,Ketapril,Female,1,27
r701,0,45.0,0,Naftisol,Male,21,25
v199,0,45.0,0,Naftisol,Female,17,29
x264,0,45.0,0,Naftisol,Female,21,27
f234,0,45.0,0,Stelasyn,Male,14,28
c458,0,45.0,0,Ramicane,Female,23,20
q610,0,45.0,0,Ramicane,Female,18,21
j913,0,45.0,0,Ramicane,Female,4,17
a411,0,45.0,0,Ramicane,Male,3,22
a444,0,45.0,0,Ramicane,Female,10,25
d251,0,45.0,0,Ramicane,Female,8,19
j989,0,45.0,0,Ramicane,Male,8,19
y449,0,45.0,0,Ramicane,Male,19,24
k403,0,45.0,0,Ramicane,Male,21,16
c758,0,45.0,0,Ramicane,Male,9,17
x402,0,45.0,0,Stelasyn,Male,21,28
r811,0,45.0,0,Ramicane,Male,9,19
a644,0,45.0,0,Ramicane,Female,7,17
i177,0,45.0,0,Ramicane,Male,10,18
g791,0,45.0,0,Ramicane,Male,11,16
a520,0,45.0,0,Ramicane,Male,13,21
u196,0,45.0,0,Ramicane,Male,18,25
m546,0,45.0,0,Ramicane,Male,18,16
w678,0,45.0,0,Ramicane,Female,5,24
n364,0,45.0,0,Ramicane,Male,4,17
s508,0,45.0,0,Ramicane,Male,1,17
e662,0,45.0,0,Ramicane,Male,8,24
z578,0,45.0,0,Ramicane,Male,11,16
r921,0,45.0,0,Ramicane,Female,5,25
a492,0,45.0,0,Stelasyn,Male,20,25
w540,0,45.0,0,Stelasyn,Female,8,26
v764,0,45.0,0,Stelasyn,Female,5,30
z795,0,45.0,0,Naftisol,Female,13,29
e291,0,45.0,0,Naftisol,Female,14,29
e584,0,45.0,0,Naftisol,Male,9,27
e213,0,45.0,0,Naftisol,Male,8,27
j755,0,45.0,0,Naftisol,Male,23,27
s565,0,45.0,0,Stelasyn,Female,3,29
a366,0,45.0,0,Stelasyn,Female,16,29
p387,0,45.0,0,Stelasyn,Male,3,30
b879,0,45.0,0,Stelasyn,Female,4,26
i901,0,45.0,0,Stelasyn,Male,23,29
k862,0,45.0,0,Stelasyn,Female,13,25
g867,0,45.0,0,Stelasyn,Female,9,25
s619,0,45.0,0,Stelasyn,Male,22,30
w697,0,45.0,0,Stelasyn,Female,14,30
j984,0,45.0,0,Stelasyn,Female,2,30
c402,0,45.0,0,Stelasyn,Female,1,27
h333,0,45.0,0,Stelasyn,Male,21,27
k510,0,45.0,0,Stelasyn,Female,8,27
p981,0,45.0,0,Stelasyn,Male,20,29
t451,0,45.0,0,Stelasyn,Male,8,29
a963,0,45.0,0,Stelasyn,Female,23,27
m269,0,45.0,0,Stelasyn,Female,22,28
z314,0,45.0,0,Stelasyn,Female,21,28
o848,0,45.0,0,Stelasyn,Female,14,27
v719,0,45.0,0,Infubinol,Female,17,30
q597,0,45.0,0,Ramicane,Male,20,25
c895,0,45.0,0,Infubinol,Female,7,29
a203,0,45.0,0,Infubinol,Female,20,23
f394,0,45.0,0,Zoniferol,Male,19,30
c264,0,45.0,0,Zoniferol,Female,11,27
n967,0,45.0,0,Zoniferol,Male,11,27
f545,0,45.0,0,Zoniferol,Female,20,26
k894,0,45.0,0,Zoniferol,Female,13,29
k754,0,45.0,0,Zoniferol,Female,8,26
g296,0,45.0,0,Zoniferol,Female,14,29
d164,0,45.0,0,Zoniferol,Male,21,28
w575,0,45.0,0,Zoniferol,Female,16,28
x613,0,45.0,0,Zoniferol,Female,2,29
q633,0,45.0,0,Zoniferol,Male,12,25
b313,0,45.0,0,Zoniferol,Male,12,27
f129,0,45.0,0,Zoniferol,Female,11,29
j365,0,45.0,0,Zoniferol,Male,24,28
p136,0,45.0,0,Zoniferol,Female,5,28
c559,0,45.0,0,Zoniferol,Female,19,28
a788,0,45.0,0,Zoniferol,Male,5,30
s337,0,45.0,0,Zoniferol,Male,14,27
q511,0,45.0,0,Zoniferol,Female,2,28
m331,0,45.0,0,Zoniferol,Female,19,26
o926,0,45.0,0,Zoniferol,Male,15,29
d133,0,45.0,0,Zoniferol,Male,5,30
n630,0,45.0,0,Propriva,Female,15,29
a401,0,45.0,0,Zoniferol,Female,8,25
w350,0,45.0,0,Propriva,Male,7,26
c302,0,45.0,0,Zoniferol,Female,10,29
a897,0,45.0,0,Placebo,Male,7,28
j235,0,45.0,0,Placebo,Male,6,30
q787,0,45.0,0,Placebo,Male,17,27
a262,0,45.0,0,Placebo,Female,17,29
r850,0,45.0,0,Placebo,Male,5,30
i669,0,45.0,0,Placebo,Female,18,27
n763,0,45.0,0,Placebo,Female,16,25
s152,0,45.0,0,Placebo,Female,4,30
c766,0,45.0,0,Placebo,Female,13,26
e227,0,45.0,0,Placebo,Male,1,30
c282,0,45.0,0,Placebo,Male,12,27
v989,0,45.0,0,Placebo,Male,4,25
w140,0,45.0,0,Zoniferol,Female,19,30
v409,0,45.0,0,Placebo,Female,16,25
l872,0,45.0,0,Placebo,Male,19,30
o795,0,45.0,0,Placebo,Female,20,26
y478,0,45.0,0,Placebo,Female,3,25
q582,0,45.0,0,Placebo,Male,5,30
s166,0,45.0,0,Placebo,Male,19,27
x773,0,45.0,0,Placebo,Female,21,30
w167,0,45.0,0,Placebo,Female,6,28
t718,0,45.0,0,Placebo,Female,10,30
o302,0,45.0,0,Placebo,Female,2,29
i477,0,45.0,0,Placebo,Female,3,30
c757,0,45.0,0,Placebo,Male,9,27
t994,0,45.0,0,Placebo,Male,14,30
p310,0,45.0,0,Propriva,Male,6,26
a699,0,45.0,0,Propriva,Female,5,28
k603,0,45.0,0,Propriva,Male,2,27
x822,0,45.0,0,Ceftamin,Male,3,29
l558,0,45.0,0,Ceftamin,Female,13,30
l733,0,45.0,0,Ceftamin,Female,4,30
f436,0,45.0,0,Ceftamin,Female,3,25
l490,0,45.0,0,Ceftamin,Male,24,26
b759,0,45.0,0,Ceftamin,Female,12,25
l471,0,45.0,0,Ceftamin,Female,7,28
y865,0,45.0,0,Ceftamin,Male,23,26
y769,0,45.0,0,Ceftamin,Female,6,27
l661,0,45.0,0,Ceftamin,Male,18,26
j296,0,45.0,0,Ceftamin,Female,24,30
u149,0,45.0,0,Ceftamin,Male,24,29
u153,0,45.0,0,Ceftamin,Female,11,25
w151,0,45.0,0,Ceftamin,Male,24,25
h531,0,45.0,0,Ceftamin,Male,5,27
a685,0,45.0,0,Infubinol,Male,8,30
o813,0,45.0,0,Infubinol,Male,24,28
m756,0,45.0,0,Infubinol,Male,19,30
n671,0,45.0,0,Infubinol,Male,18,25
s121,0,45.0,0,Infubinol,Male,23,26
v766,0,45.0,0,Infubinol,Male,16,27
w193,0,45.0,0,Infubinol,Male,22,30
e476,0,45.0,0,Infubinol,Male,23,26
w584,0,45.0,0,Infubinol,Male,3,29
b447,0,45.0,0,Ceftamin,Male,2,30
k210,0,45.0,0,Ceftamin,Male,15,28
a275,0,45.0,0,Ceftamin,Female,20,28
x581,0,45.0,0,Ceftamin,Female,19,28
n482,0,45.0,0,Propriva,Female,4,29
t198,0,45.0,0,Propriva,Male,22,26
l215,0,45.0,0,Propriva,Male,10,29
s141,0,45.0,0,Propriva,Male,8,25
o523,0,45.0,0,Propriva,Female,6,25
i635,0,45.0,0,Propriva,Male,21,26
w746,0,45.0,0,Propriva,Male,1,26
r107,0,45.0,0,Propriva,Female,2,28
s187,0,45.0,0,Propriva,Male,22,25
g570,0,45.0,0,Propriva,Male,16,29
x209,0,45.0,0,Propriva,Female,7,29
x111,0,45.0,0,Propriva,Female,24,27
z435,0,45.0,0,Propriva,Female,12,26
n678,0,45.0,0,Propriva,Male,5,29
g558,0,45.0,0,Propriva,Male,8,29
u946,0,45.0,0,Propriva,Male,5,30
o562,0,45.0,0,Propriva,Female,4,25
v991,0,45.0,0,Propriva,Female,10,30
c927,0,45.0,0,Propriva,Female,4,26
x226,0,45.0,0,Ceftamin,Male,23,28
p438,0,45.0,0,Ceftamin,Female,11,26
b487,0,45.0,0,Ceftamin,Female,6,28
o287,0,45.0,0,Ceftamin,Male,2,28
q483,0,45.0,0,Ceftamin,Male,6,26
t573,0,45.0,0,Ceftamin,Female,15,27
f345,0,45.0,0,Infubinol,Male,23,26
i334,0,45.0,0,Ramicane,Female,8,20
l264,0,45.0,0,Ketapril,Female,15,30
j246,0,45.0,0,Capomulin,Female,21,21
r554,0,45.0,0,Capomulin,Female,8,17
s185,0,45.0,0,Capomulin,Female,3,17
b742,0,45.0,0,Capomulin,Male,7,21
x401,0,45.0,0,Capomulin,Female,16,15
l509,0,45.0,0,Capomulin,Male,17,21
s710,0,45.0,0,Capomulin,Female,1,23
r157,0,45.0,0,Capomulin,Male,22,25
u364,0,45.0,0,Capomulin,Male,18,17
j119,0,45.0,0,Capomulin,Female,7,23
v923,0,45.0,0,Capomulin,Female,19,21
w914,0,45.0,0,Capomulin,Male,24,21
i738,0,45.0,0,Capomulin,Female,23,20
r944,0,45.0,0,Capomulin,Male,12,25
y793,0,45.0,0,Capomulin,Male,17,17
g316,0,45.0,0,Capomulin,Female,22,22
g288,0,45.0,0,Capomulin,Male,3,19
l897,0,45.0,0,Capomulin,Male,17,19
w150,0,45.0,0,Capomulin,Male,23,23
t565,0,45.0,0,Capomulin,Female,20,17
i557,0,45.0,0,Capomulin,Female,1,24
m957,0,45.0,0,Capomulin,Female,3,19
f966,0,45.0,0,Capomulin,Male,16,17
m601,0,45.0,0,Capomulin,Male,22,17
a275,5,46.79525728,0,Ceftamin,Female,20,28
w575,5,48.91385977,1,Zoniferol,Female,16,28
x822,5,45.67110442,1,Ceftamin,Male,3,29
l509,5,45.85119285,0,Capomulin,Male,17,21
n304,5,46.43121629,0,Naftisol,Male,9,26
d164,5,46.61767061,0,Zoniferol,Male,21,28
l897,5,45.46224327,0,Capomulin,Male,17,19
l558,5,45.80908882,0,Ceftamin,Female,13,30
g296,5,46.59323337,0,Zoniferol,Female,14,29
c458,5,45.72227949,0,Ramicane,Female,23,20
a401,5,46.11198591,0,Zoniferol,Female,8,25
l700,5,45.91837165,0,Naftisol,Female,18,27
f234,5,47.31349062,0,Stelasyn,Male,14,28
x613,5,46.09704058,0,Zoniferol,Female,2,29
u149,5,45.79206792,0,Ceftamin,Male,24,29
k210,5,47.91899771,0,Ceftamin,Male,15,28
x402,5,46.32757027,1,Stelasyn,Male,21,28
q610,5,45.62949421,0,Ramicane,Female,18,21
x581,5,47.1969266,0,Ceftamin,Female,19,28
a492,5,46.40914339,0,Stelasyn,Male,20,25
m133,5,46.62130127,0,Naftisol,Female,2,26
l725,5,48.73631881,1,Naftisol,Female,8,26
q633,5,47.18380215,0,Zoniferol,Male,12,25
f129,5,47.00059399,0,Zoniferol,Female,11,29
q483,5,46.77681624,1,Ceftamin,Male,6,26
a444,5,44.00597487,0,Ramicane,Female,10,25
v835,5,47.15601071,0,Naftisol,Male,7,29
r604,5,47.06774448,1,Naftisol,Male,7,30
f394,5,47.03309963,0,Zoniferol,Male,19,30
y865,5,46.73500592,1,Ceftamin,Male,23,26
d251,5,41.74635495,1,Ramicane,Female,8,19
b313,5,47.15443254,0,Zoniferol,Male,12,27
y769,5,46.42265176,1,Ceftamin,Female,6,27
z234,5,46.12935706,1,Naftisol,Female,19,27
b559,5,47.40989731,0,Naftisol,Male,20,26
f993,5,46.39575966,0,Naftisol,Male,21,28
q119,5,47.86444,0,Ketapril,Male,17,30
j989,5,45.62071835,1,Ramicane,Male,8,19
w150,5,39.20212894,0,Capomulin,Male,23,23
n923,5,45.82488099,0,Ketapril,Male,19,30
y449,5,45.87754494,0,Ramicane,Male,19,24
l661,5,46.26879904,0,Ceftamin,Male,18,26
c302,5,47.69067986,1,Zoniferol,Female,10,29
c264,5,45.79170389,0,Zoniferol,Female,11,27
l471,5,46.25187204,0,Ceftamin,Female,7,28
x930,5,46.07823375,0,Naftisol,Male,13,26
k754,5,45.7277604,0,Zoniferol,Female,8,26
f436,5,46.37079759,1,Ceftamin,Female,3,25
v295,5,46.11181797,1,Naftisol,Female,2,27
j913,5,44.01490022,0,Ramicane,Female,4,17
s710,5,43.1809774,0,Capomulin,Female,1,23
z969,5,49.33299873,0,Naftisol,Male,9,30
k894,5,47.64568674,0,Zoniferol,Female,13,29
l490,5,45.61253918,1,Ceftamin,Male,24,26
b759,5,48.00919049,0,Ceftamin,Female,12,25
a411,5,45.46667714,0,Ramicane,Male,3,22
f545,5,46.56581263,0,Zoniferol,Female,20,26
o725,5,46.88982098,0,Naftisol,Male,4,26
y601,5,48.47500273,1,Naftisol,Female,23,25
w914,5,45.89372032,0,Capomulin,Male,24,21
n967,5,46.07719173,1,Zoniferol,Male,11,27
l733,5,46.17422627,0,Ceftamin,Female,4,30
m601,5,41.40859145,1,Capomulin,Male,22,17
b487,5,46.21397739,0,Ceftamin,Female,6,28
o287,5,45.58680362,0,Ceftamin,Male,2,28
p310,5,46.55853236,1,Propriva,Male,6,26
r107,5,48.51342027,0,Propriva,Female,2,28
s565,5,48.24255218,0,Stelasyn,Female,3,29
w350,5,48.23211311,0,Propriva,Male,7,26
s187,5,47.57671761,1,Propriva,Male,22,25
j984,5,48.41072109,1,Stelasyn,Female,2,30
w697,5,48.30182261,1,Stelasyn,Female,14,30
j755,5,47.24284357,0,Naftisol,Male,23,27
g570,5,47.65642436,1,Propriva,Male,16,29
u364,5,45.76088647,1,Capomulin,Male,18,17
x209,5,46.75426887,0,Propriva,Female,7,29
c402,5,49.3426301,1,Stelasyn,Female,1,27
b742,5,41.53409702,0,Capomulin,Male,7,21
n630,5,46.09909969,0,Propriva,Female,15,29
e213,5,45.69925018,1,Naftisol,Male,8,27
a366,5,48.95136773,0,Stelasyn,Female,16,29
w746,5,49.45327005,0,Propriva,Male,1,26
s141,5,45.83113434,0,Propriva,Male,8,25
i901,5,46.49302392,0,Stelasyn,Male,23,29
t198,5,47.46126052,0,Propriva,Male,22,26
b879,5,49.15615628,1,Stelasyn,Female,4,26
k603,5,46.04211582,0,Propriva,Male,2,27
o523,5,45.54470008,0,Propriva,Female,6,25
v923,5,45.70443431,0,Capomulin,Female,19,21
f966,5,38.79647373,0,Capomulin,Male,16,17
p387,5,48.66763075,0,Stelasyn,Male,3,30
g867,5,46.88074916,0,Stelasyn,Female,9,25
i635,5,47.23593715,0,Propriva,Male,21,26
s619,5,46.60226878,0,Stelasyn,Male,22,30
a699,5,46.55308986,0,Propriva,Female,5,28
q132,5,46.7163985,1,Infubinol,Female,1,30
k862,5,49.20305786,0,Stelasyn,Female,13,25
h333,5,45.75172728,0,Stelasyn,Male,21,27
x401,5,45.47375302,0,Capomulin,Female,16,15
o926,5,46.76116373,0,Zoniferol,Male,15,29
c927,5,46.35184205,0,Propriva,Female,4,26
c559,5,46.56263793,0,Zoniferol,Female,19,28
r701,5,46.88697137,0,Naftisol,Male,21,25
j119,5,45.83899787,0,Capomulin,Female,7,23
p438,5,46.82793418,0,Ceftamin,Female,11,26
m269,5,49.0111801,0,Stelasyn,Female,22,28
a963,5,46.23350581,0,Stelasyn,Female,23,27
p136,5,49.27397096,0,Zoniferol,Female,5,28
t724,5,46.35925829,0,Naftisol,Female,2,25
z314,5,45.93471217,0,Stelasyn,Female,21,28
a818,5,45.69670864,0,Naftisol,Female,12,28
v764,5,47.05418474,0,Stelasyn,Female,5,30
j365,5,46.7112611,0,Zoniferol,Male,24,28
i557,5,42.2616653,0,Capomulin,Female,1,24
x264,5,47.0384145,0,Naftisol,Female,21,27
v991,5,49.21432799,1,Propriva,Female,10,30
a788,5,47.00658024,0,Zoniferol,Male,5,30
x111,5,46.94101498,1,Propriva,Female,24,27
k510,5,46.6084671,0,Stelasyn,Female,8,27
z435,5,47.11597963,0,Propriva,Female,12,26
e584,5,45.6569785,0,Naftisol,Male,9,27
m331,5,45.52301371,1,Zoniferol,Female,19,26
n678,5,47.55428429,0,Propriva,Male,5,29
p981,5,47.00062717,0,Stelasyn,Male,20,29
g558,5,46.18874193,0,Propriva,Male,8,29
e291,5,46.14250486,0,Naftisol,Female,14,29
q511,5,45.83265378,0,Zoniferol,Female,2,28
u946,5,45.9918078,1,Propriva,Male,5,30
z795,5,46.83347493,0,Naftisol,Female,13,29
t451,5,48.04713882,0,Stelasyn,Male,8,29
s337,5,46.84985157,0,Zoniferol,Male,14,27
o562,5,46.51495016,1,Propriva,Female,4,25
w540,5,45.88537038,1,Stelasyn,Female,8,26
w140,5,47.71795156,0,Zoniferol,Female,19,30
l215,5,49.48194935,1,Propriva,Male,10,29
y793,5,41.01991315,0,Capomulin,Male,17,17
n763,5,46.08598142,0,Placebo,Female,16,25
a203,5,48.5084684,0,Infubinol,Female,20,23
w584,5,46.05193075,0,Infubinol,Male,3,29
y163,5,48.28497016,0,Infubinol,Female,17,27
o973,5,46.71787727,0,Ketapril,Female,11,29
o795,5,46.76092721,1,Placebo,Female,20,26
w422,5,48.45745927,0,Ketapril,Female,18,26
e662,5,45.81628252,0,Ramicane,Male,8,24
g791,5,45.85153062,0,Ramicane,Male,11,16
c580,5,46.6284548,0,Ketapril,Male,22,25
e476,5,47.11180113,0,Infubinol,Male,23,26
k483,5,46.61105571,0,Infubinol,Female,20,30
y478,5,48.64107818,1,Placebo,Female,3,25
i669,5,46.76466824,1,Placebo,Female,18,27
d474,5,45.91835225,0,Ketapril,Male,18,27
w193,5,45.49385802,0,Infubinol,Male,22,30
q582,5,45.95539895,1,Placebo,Male,5,30
s166,5,47.18678778,0,Placebo,Male,19,27
o331,5,47.05966408,1,Ketapril,Male,24,30
k382,5,46.27499735,1,Ketapril,Male,22,29
k804,5,48.26620364,0,Infubinol,Female,23,29
r850,5,46.86291194,0,Placebo,Male,5,30
g316,5,44.02275246,0,Capomulin,Female,22,22
v766,5,48.15125091,1,Infubinol,Male,16,27
g497,5,48.78206878,0,Ketapril,Male,19,28
a520,5,38.72370695,0,Ramicane,Male,13,21
x773,5,45.8508307,1,Placebo,Female,21,30
m550,5,49.05409736,1,Ketapril,Male,18,28
t994,5,47.8914871,0,Placebo,Male,14,30
n364,5,45.52187471,0,Ramicane,Male,4,17
l264,5,46.66876646,0,Ketapril,Female,15,30
e227,5,47.23801112,0,Placebo,Male,1,30
c326,5,36.3213458,0,Infubinol,Female,18,25
r157,5,45.59706359,0,Capomulin,Male,22,25
c766,5,47.31305537,0,Placebo,Female,13,26
v719,5,47.18836325,0,Infubinol,Female,17,30
w678,5,43.16637266,0,Ramicane,Female,5,24
c139,5,48.75311208,0,Infubinol,Male,11,28
m546,5,42.99887638,0,Ramicane,Male,18,16
v339,5,46.25011212,0,Infubinol,Male,20,26
s152,5,47.4590529,1,Placebo,Female,4,30
m650,5,48.56249492,1,Ketapril,Male,15,27
c282,5,45.72568973,0,Placebo,Male,12,27
v989,5,48.85813451,0,Placebo,Male,4,25
r944,5,45.73714484,0,Capomulin,Male,12,25
r554,5,45.78174579,1,Capomulin,Female,8,17
c895,5,45.47754399,0,Infubinol,Female,7,29
v409,5,46.22079642,0,Placebo,Female,16,25
u196,5,45.55746444,1,Ramicane,Male,18,25
c832,5,48.68546123,1,Ketapril,Male,18,29
v289,5,46.20446003,0,Ketapril,Female,3,26
a897,5,45.69112405,1,Placebo,Male,7,28
f345,5,45.5911466,0,Infubinol,Male,23,26
s508,5,38.71187185,0,Ramicane,Male,1,17
a577,5,46.1977199,1,Infubinol,Female,6,25
z578,5,42.18878662,0,Ramicane,Male,11,16
i177,5,44.06539783,0,Ramicane,Male,10,18
a644,5,45.55015754,0,Ramicane,Female,7,17
c757,5,47.78327981,0,Placebo,Male,9,27
s185,5,43.87849569,0,Capomulin,Female,3,17
i738,5,45.59568527,0,Capomulin,Female,23,20
m756,5,47.01036401,1,Infubinol,Male,19,30
o813,5,45.69933088,0,Infubinol,Male,24,28
j246,5,45.64143788,0,Capomulin,Female,21,21
a685,5,46.87048256,0,Infubinol,Male,8,30
r811,5,45.62580225,0,Ramicane,Male,9,19
h246,5,49.47041702,0,Ketapril,Male,13,30
q597,5,45.76611104,0,Ramicane,Male,20,25
a251,5,46.98212719,0,Infubinol,Female,21,25
q787,5,47.11661587,0,Placebo,Male,17,27
c758,5,45.5786783,0,Ramicane,Male,9,17
u327,5,45.69418805,0,Ketapril,Male,17,25
t565,5,45.8956472,0,Capomulin,Female,20,17
c819,5,45.76924864,1,Ketapril,Male,21,25
o302,5,48.93701188,0,Placebo,Female,2,29
h531,5,47.7846818,0,Ceftamin,Male,5,27
i477,5,46.65738471,0,Placebo,Female,3,30
w151,5,45.54607595,1,Ceftamin,Male,24,25
y260,5,46.79983867,0,Ketapril,Female,7,25
r921,5,45.56821083,0,Ramicane,Female,5,25
a457,5,47.462891,0,Ketapril,Female,11,30
j296,5,46.79925591,1,Ceftamin,Female,24,30
w167,5,48.78627194,0,Placebo,Female,6,28
a262,5,48.71756819,1,Placebo,Female,17,29
b128,5,45.65133131,0,Capomulin,Female,9,22
n671,5,47.35388938,0,Infubinol,Male,18,25
g288,5,45.83939976,0,Capomulin,Male,3,19
v603,5,46.01600593,0,Ketapril,Female,22,30
i334,5,41.02051821,0,Ramicane,Female,8,20
k403,5,38.82589807,0,Ramicane,Male,21,16
p189,5,49.04870704,1,Ketapril,Male,8,28
o809,5,46.87724316,0,Infubinol,Male,3,25
g107,5,48.79166496,0,Ketapril,Female,2,29
t718,5,45.92125272,1,Placebo,Female,10,30
i386,5,46.85369669,1,Infubinol,Female,23,29
s121,5,45.63566174,1,Infubinol,Male,23,26
z581,5,49.27309187,1,Infubinol,Female,24,25
f278,5,48.19457788,0,Ketapril,Male,12,30
j235,5,46.58881978,0,Placebo,Male,6,30
m957,5,45.62238149,1,Capomulin,Female,3,19
e291,10,48.52974125,1,Naftisol,Female,14,29
u946,10,46.73050592,1,Propriva,Male,5,30
g558,10,50.09475382,0,Propriva,Male,8,29
i386,10,49.86154739,2,Infubinol,Female,23,29
e584,10,47.25064148,0,Naftisol,Male,9,27
o523,10,47.0810859,1,Propriva,Female,6,25
i635,10,48.68575605,1,Propriva,Male,21,26
b879,10,50.33894583,1,Stelasyn,Female,4,26
u327,10,49.23525948,0,Ketapril,Male,17,25
n678,10,49.14570866,1,Propriva,Male,5,29
r554,10,39.0054935,2,Capomulin,Female,8,17
z435,10,48.71066147,0,Propriva,Female,12,26
s565,10,52.7775271,0,Stelasyn,Female,3,29
g497,10,49.6470865,0,Ketapril,Male,19,28
s187,10,48.14635121,1,Propriva,Male,22,25
o809,10,48.6707318,0,Infubinol,Male,3,25
z581,10,50.47875016,2,Infubinol,Female,24,25
r107,10,49.18601052,0,Propriva,Female,2,28
k804,10,49.47124419,0,Infubinol,Female,23,29
a366,10,53.52399007,0,Stelasyn,Female,16,29
j755,10,48.16706083,0,Naftisol,Male,23,27
g570,10,49.18823167,1,Propriva,Male,16,29
d474,10,46.97496297,0,Ketapril,Male,18,27
c832,10,49.81141262,1,Ketapril,Male,18,29
x209,10,48.92989543,0,Propriva,Female,7,29
u364,10,46.56841719,2,Capomulin,Male,18,17
k483,10,50.29604123,1,Infubinol,Female,20,30
o973,10,48.24579043,0,Ketapril,Female,11,29
y163,10,49.1123991,1,Infubinol,Female,17,27
e213,10,47.3915712,2,Naftisol,Male,8,27
a251,10,48.59117901,1,Infubinol,Female,21,25
p387,10,53.36296294,0,Stelasyn,Male,3,30
v923,10,39.84822328,0,Capomulin,Female,19,21
x111,10,49.12296898,1,Propriva,Female,24,27
a577,10,49.5096389,1,Infubinol,Female,6,25
g288,10,46.30400254,1,Capomulin,Male,3,19
v603,10,47.8305568,0,Ketapril,Female,22,30
c139,10,49.99295391,0,Infubinol,Male,11,28
j296,10,48.52997762,2,Ceftamin,Female,24,30
o331,10,50.12845481,1,Ketapril,Male,24,30
b759,10,49.13335499,0,Ceftamin,Female,12,25
l490,10,47.25960594,1,Ceftamin,Male,24,26
z969,10,52.65608148,1,Naftisol,Male,9,30
n671,10,51.03935653,0,Infubinol,Male,18,25
g107,10,53.43598668,0,Ketapril,Female,2,29
v835,10,48.96591797,0,Naftisol,Male,7,29
s710,10,43.68802627,0,Capomulin,Female,1,23
s121,10,49.04883479,1,Infubinol,Male,23,26
f436,10,48.14697758,2,Ceftamin,Female,3,25
r604,10,48.78655957,1,Naftisol,Male,7,30
l733,10,48.35495154,0,Ceftamin,Female,4,30
l509,10,46.75907363,0,Capomulin,Male,17,21
y260,10,48.08180678,1,Ketapril,Female,7,25
v766,10,50.36310988,1,Infubinol,Male,16,27
n304,10,47.20125097,0,Naftisol,Male,9,26
a457,10,49.78341894,0,Ketapril,Female,11,30
l558,10,46.78453491,0,Ceftamin,Female,13,30
o725,10,48.199452,0,Naftisol,Male,4,26
c819,10,46.65839527,1,Ketapril,Male,21,25
i738,10,43.42101414,0,Capomulin,Female,23,20
n923,10,48.79194986,1,Ketapril,Male,19,30
p189,10,51.58216168,2,Ketapril,Male,8,28
q119,10,51.23660557,0,Ketapril,Male,17,30
l661,10,49.68361956,0,Ceftamin,Male,18,26
f993,10,48.18537323,0,Naftisol,Male,21,28
m957,10,46.4145177,1,Capomulin,Female,3,19
h246,10,51.36886216,1,Ketapril,Male,13,30
w151,10,46.50147609,1,Ceftamin,Male,24,25
y769,10,48.01516261,1,Ceftamin,Female,6,27
y865,10,49.52273955,1,Ceftamin,Male,23,26
b559,10,48.03643202,0,Naftisol,Male,20,26
s141,10,47.23569156,0,Propriva,Male,8,25
l471,10,48.18206306,0,Ceftamin,Female,7,28
x930,10,50.26069441,0,Naftisol,Male,13,26
a685,10,47.66475264,0,Infubinol,Male,8,30
w193,10,48.34655046,0,Infubinol,Male,22,30
x822,10,48.98371668,1,Ceftamin,Male,3,29
k382,10,50.18096763,1,Ketapril,Male,22,29
v289,10,48.13348207,0,Ketapril,Female,3,26
b487,10,47.6643871,0,Ceftamin,Female,6,28
c895,10,49.77901542,0,Infubinol,Female,7,29
t724,10,50.70389965,0,Naftisol,Female,2,25
j119,10,46.42536551,0,Capomulin,Female,7,23
p438,10,50.51749789,0,Ceftamin,Female,11,26
r701,10,49.65459636,0,Naftisol,Male,21,25
m650,10,50.96899763,1,Ketapril,Male,15,27
i557,10,42.99207658,0,Capomulin,Female,1,24
v719,10,51.49705412,1,Infubinol,Female,17,30
c927,10,50.96529767,1,Propriva,Female,4,26
x264,10,47.88712765,1,Naftisol,Female,21,27
v991,10,52.6449057,1,Propriva,Female,10,30
l264,10,50.65958094,0,Ketapril,Female,15,30
o562,10,47.14767002,1,Propriva,Female,4,25
f345,10,47.22244619,0,Infubinol,Male,23,26
a818,10,49.79091948,0,Naftisol,Female,12,28
o287,10,47.36020084,1,Ceftamin,Male,2,28
m550,10,50.54803457,2,Ketapril,Male,18,28
l700,10,47.01356652,1,Naftisol,Female,18,27
g316,10,44.50204246,0,Capomulin,Female,22,22
u149,10,47.40483439,0,Ceftamin,Male,24,29
e476,10,49.43168536,0,Infubinol,Male,23,26
k210,10,49.37993231,0,Ceftamin,Male,15,28
l725,10,50.82391154,2,Naftisol,Female,8,26
a275,10,47.37134328,0,Ceftamin,Female,20,28
z795,10,48.0308039,0,Naftisol,Female,13,29
c580,10,47.57017382,1,Ketapril,Male,22,25
m133,10,47.50333803,0,Naftisol,Female,2,26
w422,10,49.93597024,0,Ketapril,Female,18,26
x581,10,49.06702788,1,Ceftamin,Female,19,28
v295,10,47.53946216,2,Naftisol,Female,2,27
a203,10,51.8524372,1,Infubinol,Female,20,23
y793,10,41.63001026,1,Capomulin,Male,17,17
q483,10,47.8391005,1,Ceftamin,Male,6,26
w584,10,47.29850794,0,Infubinol,Male,3,29
f966,10,35.6244027,0,Capomulin,Male,16,17
q132,10,47.95384377,2,Infubinol,Female,1,30
m269,10,50.86013006,0,Stelasyn,Female,22,28
w167,10,51.82640965,0,Placebo,Female,6,28
m601,10,36.82536664,1,Capomulin,Male,22,17
a492,10,48.43219661,0,Stelasyn,Male,20,25
x773,10,47.18920597,2,Placebo,Female,21,30
a401,10,47.7259374,1,Zoniferol,Female,8,25
i177,10,41.02092924,0,Ramicane,Male,10,18
s166,10,49.00012468,0,Placebo,Male,19,27
q582,10,47.01357514,1,Placebo,Male,5,30
w540,10,47.45906658,1,Stelasyn,Female,8,26
j365,10,48.34932028,0,Zoniferol,Male,24,28
v764,10,48.18900062,1,Stelasyn,Female,5,30
g791,10,40.17055848,0,Ramicane,Male,11,16
y478,10,52.28893409,1,Placebo,Female,3,25
l897,10,46.15473721,0,Capomulin,Male,17,19
o795,10,51.1237037,1,Placebo,Female,20,26
p136,10,50.90789028,0,Zoniferol,Female,5,28
t451,10,48.95791906,0,Stelasyn,Male,8,29
c282,10,48.17950638,0,Placebo,Male,12,27
s337,10,47.8944415,0,Zoniferol,Male,14,27
m546,10,43.74822357,0,Ramicane,Male,18,16
v989,10,52.61468889,1,Placebo,Male,4,25
a788,10,50.15972132,1,Zoniferol,Male,5,30
a644,10,46.38071258,0,Ramicane,Female,7,17
v409,10,50.64903842,1,Placebo,Female,16,25
r944,10,46.54429202,0,Capomulin,Male,12,25
a963,10,47.15052201,0,Stelasyn,Female,23,27
t994,10,52.6141635,1,Placebo,Male,14,30
c559,10,47.29326012,0,Zoniferol,Female,19,28
a520,10,36.42938781,0,Ramicane,Male,13,21
a444,10,44.51255951,0,Ramicane,Female,10,25
u196,10,46.42294306,1,Ramicane,Male,18,25
e227,10,51.34975705,1,Placebo,Male,1,30
f129,10,48.17971908,1,Zoniferol,Female,11,29
t718,10,46.39268805,1,Placebo,Female,10,30
n967,10,47.47172327,1,Zoniferol,Male,11,27
d251,10,42.43225791,1,Ramicane,Female,8,19
b313,10,48.31937218,1,Zoniferol,Male,12,27
f545,10,51.07251225,0,Zoniferol,Female,20,26
a411,10,40.75978762,1,Ramicane,Male,3,22
w914,10,43.23196275,0,Capomulin,Male,24,21
c302,10,48.53356704,1,Zoniferol,Female,10,29
j989,10,46.34383237,1,Ramicane,Male,8,19
k894,10,49.27287011,1,Zoniferol,Female,13,29
y449,10,46.37809248,0,Ramicane,Male,19,24
w150,10,39.95234669,0,Capomulin,Male,23,23
j913,10,44.49716216,0,Ramicane,Female,4,17
a897,10,47.97292708,1,Placebo,Male,7,28
k754,10,49.74611666,0,Zoniferol,Female,8,26
k403,10,35.01427146,1,Ramicane,Male,21,16
c757,10,49.21931669,0,Placebo,Male,9,27
g296,10,48.26950861,0,Zoniferol,Female,14,29
r921,10,42.71192694,0,Ramicane,Female,5,25
q633,10,49.00186559,0,Zoniferol,Male,12,25
t565,10,46.74900552,0,Capomulin,Female,20,17
r811,10,39.453903,0,Ramicane,Male,9,19
f234,10,47.90432375,0,Stelasyn,Male,14,28
x613,10,46.8181759,0,Zoniferol,Female,2,29
x402,10,46.88696249,1,Stelasyn,Male,21,28
o302,10,49.70144989,0,Placebo,Female,2,29
w575,10,50.13595547,1,Zoniferol,Female,16,28
c458,10,44.45437828,1,Ramicane,Female,23,20
i477,10,47.52063206,0,Placebo,Female,3,30
c758,10,46.28799223,0,Ramicane,Male,9,17
d164,10,47.47464468,1,Zoniferol,Male,21,28
q610,10,44.99148471,0,Ramicane,Female,18,21
s185,10,37.61494768,0,Capomulin,Female,3,17
q511,10,50.31164687,0,Zoniferol,Female,2,28
c264,10,49.02659196,0,Zoniferol,Female,11,27
k862,10,50.52355007,1,Stelasyn,Female,13,25
n763,10,46.81731526,1,Placebo,Female,16,25
h333,10,46.23384414,1,Stelasyn,Male,21,27
c402,10,50.56689412,1,Stelasyn,Female,1,27
q787,10,48.59386234,1,Placebo,Male,17,27
b128,10,43.2708519,0,Capomulin,Female,9,22
g867,10,48.18340167,0,Stelasyn,Female,9,25
b742,10,41.99922813,0,Capomulin,Male,7,21
e662,10,46.40908385,0,Ramicane,Male,8,24
i669,10,48.2816334,1,Placebo,Female,18,27
a699,10,47.86737569,0,Propriva,Female,5,28
q597,10,42.53798598,0,Ramicane,Male,20,25
j984,10,50.14108401,1,Stelasyn,Female,2,30
a262,10,49.59518129,1,Placebo,Female,17,29
w350,10,48.89955238,0,Propriva,Male,7,26
n364,10,40.3751382,0,Ramicane,Male,4,17
z578,10,42.95211843,0,Ramicane,Male,11,16
w697,10,48.925056,2,Stelasyn,Female,14,30
p310,10,48.66560668,1,Propriva,Male,6,26
k603,10,46.60694676,0,Propriva,Male,2,27
k510,10,47.6582498,1,Stelasyn,Female,8,27
r850,10,48.51509085,1,Placebo,Male,5,30
j235,10,48.01878792,1,Placebo,Male,6,30
i901,10,50.42124982,0,Stelasyn,Male,23,29
s152,10,52.1816442,2,Placebo,Female,4,30
o926,10,47.56567364,1,Zoniferol,Male,15,29
m331,10,47.64687735,1,Zoniferol,Female,19,26
x401,10,39.11389068,0,Capomulin,Female,16,15
l215,10,53.6539696,1,Propriva,Male,10,29
j246,10,46.4083613,0,Capomulin,Female,21,21
s508,10,34.8509979,0,Ramicane,Male,1,17
p981,10,47.54584585,0,Stelasyn,Male,20,29
i334,10,41.63124731,0,Ramicane,Female,8,20
r157,10,46.05960827,0,Capomulin,Male,22,25
t198,10,49.00080978,1,Propriva,Male,22,26
c766,10,49.50027098,1,Placebo,Female,13,26
q597,15,41.39566036,0,Ramicane,Male,20,25
l661,15,50.94754484,1,Ceftamin,Male,18,26
y769,15,52.76102114,2,Ceftamin,Female,6,27
s185,15,38.17723195,0,Capomulin,Female,3,17
d251,15,39.47278744,1,Ramicane,Female,8,19
y865,15,50.80651856,1,Ceftamin,Male,23,26
a685,15,48.95147442,0,Infubinol,Male,8,30
a262,15,53.82797367,2,Placebo,Female,17,29
b128,15,43.78489343,0,Capomulin,Female,9,22
r811,15,40.02229235,0,Ramicane,Male,9,19
z581,15,51.1963042,2,Infubinol,Female,24,25
c819,15,48.37099912,1,Ketapril,Male,21,25
r850,15,50.21860469,1,Placebo,Male,5,30
b559,15,51.37886229,0,Naftisol,Male,20,26
c264,15,53.66494165,1,Zoniferol,Female,11,27
o302,15,51.38148886,0,Placebo,Female,2,29
g288,15,42.17230079,1,Capomulin,Male,3,19
h246,15,56.18432701,1,Ketapril,Male,13,30
a251,15,50.53445603,1,Infubinol,Female,21,25
c757,15,51.532603,0,Placebo,Male,9,27
j989,15,41.12835439,1,Ramicane,Male,8,19
i334,15,39.15800115,0,Ramicane,Female,8,20
f993,15,49.10697473,1,Naftisol,Male,21,28
y449,15,44.18345092,0,Ramicane,Male,19,24
i738,15,37.97877782,0,Capomulin,Female,23,20
i386,15,51.73656088,2,Infubinol,Female,23,29
u327,15,50.65996437,0,Ketapril,Male,17,25
q787,15,49.21773243,2,Placebo,Male,17,27
n923,15,51.73870623,1,Ketapril,Male,19,30
c758,15,46.94094512,1,Ramicane,Male,9,17
c302,15,52.71663459,2,Zoniferol,Female,10,29
q132,15,49.15974862,3,Infubinol,Female,1,30
n671,15,54.21606411,0,Infubinol,Male,18,25
a897,15,52.34308525,2,Placebo,Male,7,28
k403,15,34.22399174,1,Ramicane,Male,21,16
b313,15,49.18838735,1,Zoniferol,Male,12,27
p189,15,53.6755415,2,Ketapril,Male,8,28
m957,15,39.80445341,1,Capomulin,Female,3,19
w151,15,47.24292865,1,Ceftamin,Male,24,25
v603,15,52.10294744,0,Ketapril,Female,22,30
j296,15,50.70127959,2,Ceftamin,Female,24,30
o331,15,54.78976769,1,Ketapril,Male,24,30
a644,15,46.91089166,0,Ramicane,Female,7,17
o809,15,49.68344504,1,Infubinol,Male,3,25
n763,15,47.79809961,1,Placebo,Female,16,25
w422,15,52.24630985,0,Ketapril,Female,18,26
o795,15,55.88633793,2,Placebo,Female,20,26
a203,15,52.7778705,1,Infubinol,Female,20,23
a520,15,35.590254,0,Ramicane,Male,13,21
y163,15,51.52306843,1,Infubinol,Female,17,27
r944,15,47.37342325,0,Capomulin,Male,12,25
m550,15,51.16606544,3,Ketapril,Male,18,28
f345,15,48.35223854,0,Infubinol,Male,23,26
s152,15,57.22498064,2,Placebo,Female,4,30
t994,15,53.45863887,1,Placebo,Male,14,30
c895,15,52.94946474,1,Infubinol,Female,7,29
y793,15,42.28366512,1,Capomulin,Male,17,17
u196,15,47.22717065,1,Ramicane,Male,18,25
c832,15,52.86453449,1,Ketapril,Male,18,29
s508,15,35.27690634,0,Ramicane,Male,1,17
m546,15,39.89743533,0,Ramicane,Male,18,16
a577,15,50.91500662,2,Infubinol,Female,6,25
m650,15,53.14955933,1,Ketapril,Male,15,27
v719,15,52.60910758,1,Infubinol,Female,17,30
c766,15,50.59663325,2,Placebo,Female,13,26
c282,15,49.26607873,0,Placebo,Male,12,27
j235,15,51.16113815,1,Placebo,Male,6,30
e227,15,52.83394196,1,Placebo,Male,1,30
c139,15,51.8332246,0,Infubinol,Male,11,28
n364,15,36.94027399,0,Ramicane,Male,4,17
v289,15,52.60216564,0,Ketapril,Female,3,26
r921,15,43.52726054,0,Ramicane,Female,5,25
y478,15,53.61040585,1,Placebo,Female,3,25
c580,15,51.991708,1,Ketapril,Male,22,25
t565,15,44.44094861,0,Capomulin,Female,20,17
g497,15,53.64616804,1,Ketapril,Male,19,28
t718,15,48.08512552,1,Placebo,Female,10,30
g107,15,58.13554485,0,Ketapril,Female,2,29
s121,15,50.82456031,2,Infubinol,Male,23,26
z578,15,38.68851607,0,Ramicane,Male,11,16
j246,15,43.31265415,0,Capomulin,Female,21,21
k804,15,50.47761824,0,Infubinol,Female,23,29
w167,15,53.90048909,0,Placebo,Female,6,28
d474,15,47.77793584,0,Ketapril,Male,18,27
y260,15,50.19615224,2,Ketapril,Female,7,25
v766,15,51.54243058,1,Infubinol,Male,16,27
w584,15,51.26543971,0,Infubinol,Male,3,29
x773,15,47.67123558,3,Placebo,Female,21,30
i669,15,48.8576007,1,Placebo,Female,18,27
i177,15,40.33093479,0,Ramicane,Male,10,18
r157,15,46.53920617,0,Capomulin,Male,22,25
k382,15,54.42916821,1,Ketapril,Male,22,29
k483,15,53.24445813,1,Infubinol,Female,20,30
q582,15,48.32264018,2,Placebo,Male,5,30
e476,15,54.04621267,0,Infubinol,Male,23,26
g791,15,40.67812852,0,Ramicane,Male,11,16
g316,15,45.21674299,0,Capomulin,Female,22,22
r554,15,35.46375763,2,Capomulin,Female,8,17
o973,15,49.87193582,0,Ketapril,Female,11,29
e662,15,43.55377339,0,Ramicane,Male,8,24
w193,15,49.38557373,0,Infubinol,Male,22,30
s141,15,49.23234538,1,Propriva,Male,8,25
n967,15,49.82500362,1,Zoniferol,Male,11,27
p438,15,52.19836818,0,Ceftamin,Female,11,26
b487,15,51.68325586,0,Ceftamin,Female,6,28
g570,15,52.6826954,1,Propriva,Male,16,29
j119,15,47.32298428,0,Capomulin,Female,7,23
j755,15,51.45397391,0,Naftisol,Male,23,27
v764,15,49.41262418,2,Stelasyn,Female,5,30
a818,15,51.22756565,0,Naftisol,Female,12,28
o287,15,48.67945261,1,Ceftamin,Male,2,28
w540,15,48.25014636,2,Stelasyn,Female,8,26
w350,15,50.8546323,1,Propriva,Male,7,26
q483,15,48.4684826,1,Ceftamin,Male,6,26
j365,15,49.58826336,0,Zoniferol,Male,24,28
j984,15,51.16675687,1,Stelasyn,Female,2,30
v295,15,50.66605391,2,Naftisol,Female,2,27
s187,15,52.08163225,1,Propriva,Male,22,25
a401,15,49.93472542,1,Zoniferol,Female,8,25
x581,15,49.74642744,2,Ceftamin,Female,19,28
a492,15,51.9852629,0,Stelasyn,Male,20,25
e291,15,49.3484262,1,Naftisol,Female,14,29
a275,15,49.73440359,0,Ceftamin,Female,20,28
f129,15,49.98830246,1,Zoniferol,Female,11,29
s565,15,54.32831664,1,Stelasyn,Female,3,29
x402,15,49.1199478,1,Stelasyn,Male,21,28
l725,15,54.24456268,2,Naftisol,Female,8,26
b742,15,39.52484301,0,Capomulin,Male,7,21
t724,15,55.58461724,0,Naftisol,Female,2,25
k210,15,51.07355752,0,Ceftamin,Male,15,28
p136,15,51.99141616,1,Zoniferol,Female,5,28
m269,15,55.9053436,0,Stelasyn,Female,22,28
q511,15,52.13308139,0,Zoniferol,Female,2,28
u946,15,47.67302921,1,Propriva,Male,5,30
x401,15,39.77625003,0,Capomulin,Female,16,15
g558,15,51.007258,0,Propriva,Male,8,29
t451,15,49.65278772,0,Stelasyn,Male,8,29
z795,15,49.36813189,1,Naftisol,Female,13,29
o562,15,51.50508551,1,Propriva,Female,4,25
s337,15,48.57151582,0,Zoniferol,Male,14,27
v991,15,54.588591,1,Propriva,Female,10,30
a788,15,52.53994926,1,Zoniferol,Male,5,30
a963,15,47.83685218,0,Stelasyn,Female,23,27
x264,15,50.00231403,1,Naftisol,Female,21,27
e584,15,48.43041053,1,Naftisol,Male,9,27
c927,15,53.26643087,1,Propriva,Female,4,26
p981,15,49.65770973,0,Stelasyn,Male,20,29
o926,15,48.25424839,1,Zoniferol,Male,15,29
i557,15,43.5298757,0,Capomulin,Female,1,24
c559,15,51.41490358,1,Zoniferol,Female,19,28
u364,15,47.21219992,2,Capomulin,Male,18,17
r701,15,52.48480443,0,Naftisol,Male,21,25
l897,15,44.0615214,0,Capomulin,Male,17,19
k510,15,49.6870517,1,Stelasyn,Female,8,27
e213,15,51.7916953,2,Naftisol,Male,8,27
h333,15,50.69260358,2,Stelasyn,Male,21,27
c402,15,52.23071944,1,Stelasyn,Female,1,27
m601,15,35.46461175,1,Capomulin,Male,22,17
m133,15,48.6652074,1,Naftisol,Female,2,26
m331,15,52.11008758,1,Zoniferol,Female,19,26
w914,15,43.68844893,0,Capomulin,Male,24,21
s710,15,41.84523536,0,Capomulin,Female,1,23
a699,15,49.53040137,0,Propriva,Female,5,28
g296,15,49.65324404,1,Zoniferol,Female,14,29
a411,15,41.48416885,1,Ramicane,Male,3,22
b879,15,51.61838657,1,Stelasyn,Female,4,26
p387,15,55.25138033,0,Stelasyn,Male,3,30
r604,15,51.07452073,1,Naftisol,Male,7,30
l509,15,47.48859931,1,Capomulin,Male,17,21
f436,15,48.72207785,2,Ceftamin,Female,3,25
u149,15,48.52237343,0,Ceftamin,Male,24,29
b759,15,51.58779906,0,Ceftamin,Female,12,25
g867,15,51.06041924,1,Stelasyn,Female,9,25
k603,15,48.7752855,0,Propriva,Male,2,27
i635,15,49.53689775,1,Propriva,Male,21,26
k862,15,54.47453362,1,Stelasyn,Female,13,25
k754,15,51.32356994,0,Zoniferol,Female,8,26
j913,15,45.25253427,0,Ramicane,Female,4,17
v835,15,50.54520646,1,Naftisol,Male,7,29
l490,15,50.52481268,1,Ceftamin,Male,24,26
k894,15,49.9877657,1,Zoniferol,Female,13,29
l733,15,49.28519504,0,Ceftamin,Female,4,30
f966,15,32.62300253,0,Capomulin,Male,16,17
f545,15,53.94554429,1,Zoniferol,Female,20,26
o725,15,50.01507902,1,Naftisol,Male,4,26
p310,15,49.77074144,1,Propriva,Male,6,26
r107,15,53.09033546,0,Propriva,Female,2,28
q633,15,50.5835573,1,Zoniferol,Male,12,25
x930,15,51.97376864,0,Naftisol,Male,13,26
f234,15,48.73519714,1,Stelasyn,Male,14,28
l700,15,49.04022529,1,Naftisol,Female,18,27
a444,15,43.00127957,0,Ramicane,Female,10,25
a366,15,55.26558163,0,Stelasyn,Female,16,29
x822,15,49.69466533,1,Ceftamin,Male,3,29
x613,15,48.0776464,0,Zoniferol,Female,2,29
l471,15,49.40687901,0,Ceftamin,Female,7,28
z969,15,54.71300452,2,Naftisol,Male,9,30
c458,15,45.10742313,2,Ramicane,Female,23,20
q610,15,45.88902756,0,Ramicane,Female,18,21
w697,15,52.65726519,2,Stelasyn,Female,14,30
v923,15,40.45798877,0,Capomulin,Female,19,21
w575,15,50.86745176,1,Zoniferol,Female,16,28
t198,15,49.7811808,2,Propriva,Male,22,26
n304,15,48.47797895,0,Naftisol,Male,9,26
i901,15,51.41964239,0,Stelasyn,Male,23,29
u364,20,40.34394812,2,Capomulin,Male,18,17
o926,20,51.82663825,2,Zoniferol,Male,15,29
q132,20,51.90902494,4,Infubinol,Female,1,30
a577,20,52.36518457,2,Infubinol,Female,6,25
i386,20,55.08772445,2,Infubinol,Female,23,29
t198,20,51.49073998,3,Propriva,Male,22,26
g558,20,55.09009691,1,Propriva,Male,8,29
c766,20,53.00686463,3,Placebo,Female,13,26
u946,20,49.11004966,1,Propriva,Male,5,30
p310,20,54.20518054,1,Propriva,Male,6,26
s152,20,62.35160945,2,Placebo,Female,4,30
z581,20,51.80794416,2,Infubinol,Female,24,25
f966,20,30.48598484,0,Capomulin,Male,16,17
o809,20,50.33655288,1,Infubinol,Male,3,25
s187,20,53.74473406,1,Propriva,Male,22,25
b128,20,42.731552,0,Capomulin,Female,9,22
i669,20,50.87369027,1,Placebo,Female,18,27
b742,20,37.95035546,0,Capomulin,Male,7,21
k804,20,54.48451945,0,Infubinol,Female,23,29
a699,20,50.71242334,0,Propriva,Female,5,28
i635,20,51.87706189,1,Propriva,Male,21,26
r107,20,55.2638584,0,Propriva,Female,2,28
r554,20,36.01558858,2,Capomulin,Female,8,17
w350,20,52.13232061,1,Propriva,Male,7,26
k603,20,50.18010935,0,Propriva,Male,2,27
a251,20,54.46259376,1,Infubinol,Female,21,25
k483,20,54.77896052,1,Infubinol,Female,20,30
a262,20,57.01331331,2,Placebo,Female,17,29
n763,20,49.25812581,1,Placebo,Female,16,25
q787,20,50.22993419,2,Placebo,Male,17,27
y163,20,54.57107607,1,Infubinol,Female,17,27
g570,20,54.64329541,1,Propriva,Male,16,29
s141,20,51.6216457,1,Propriva,Male,8,25
q511,20,52.67271205,0,Zoniferol,Female,2,28
s121,20,52.0050659,2,Infubinol,Male,23,26
t718,20,52.6367,2,Placebo,Female,10,30
k210,20,51.99761855,0,Ceftamin,Male,15,28
u149,20,50.37805789,0,Ceftamin,Male,24,29
n671,20,54.82252091,0,Infubinol,Male,18,25
o302,20,56.17761143,0,Placebo,Female,2,29
q633,20,53.28728681,1,Zoniferol,Male,12,25
x822,20,51.91490968,2,Ceftamin,Male,3,29
a685,20,49.49055902,0,Infubinol,Male,8,30
m957,20,38.90934919,1,Capomulin,Female,3,19
w575,20,55.5918155,1,Zoniferol,Female,16,28
l733,20,53.24431157,1,Ceftamin,Female,4,30
c757,20,52.81863401,1,Placebo,Male,9,27
w151,20,49.55426295,2,Ceftamin,Male,24,25
g296,20,51.4471183,2,Zoniferol,Female,14,29
s185,20,36.86687576,0,Capomulin,Female,3,17
a897,20,54.59570541,3,Placebo,Male,7,28
c264,20,54.5681957,1,Zoniferol,Female,11,27
f545,20,58.84118888,1,Zoniferol,Female,20,26
y769,20,55.02572434,2,Ceftamin,Female,6,27
l471,20,52.22832698,0,Ceftamin,Female,7,28
l661,20,52.61749003,1,Ceftamin,Male,18,26
b313,20,53.9796797,1,Zoniferol,Male,12,27
a401,20,52.20451136,2,Zoniferol,Female,8,25
b759,20,54.44303502,0,Ceftamin,Female,12,25
k754,20,52.69342276,1,Zoniferol,Female,8,26
c302,20,54.08090836,3,Zoniferol,Female,10,29
j296,20,54.00534209,3,Ceftamin,Female,24,30
l490,20,51.90544699,1,Ceftamin,Male,24,26
l509,20,48.07045162,2,Capomulin,Male,17,21
w914,20,41.10809233,0,Capomulin,Male,24,21
k894,20,50.98163936,1,Zoniferol,Female,13,29
e227,20,56.6075521,1,Placebo,Male,1,30
a275,20,50.51343652,1,Ceftamin,Female,20,28
x581,20,51.20796943,3,Ceftamin,Female,19,28
o562,20,53.61686347,1,Propriva,Female,4,25
c139,20,56.74200681,0,Infubinol,Male,11,28
c282,20,51.95057423,0,Placebo,Male,12,27
v719,20,54.04860769,1,Infubinol,Female,17,30
v991,20,57.74069459,2,Propriva,Female,10,30
s337,20,49.20205408,1,Zoniferol,Male,14,27
c927,20,55.48168922,1,Propriva,Female,4,26
t994,20,56.52795159,1,Placebo,Male,14,30
a788,20,54.06098332,1,Zoniferol,Male,5,30
c895,20,53.6768396,2,Infubinol,Female,7,29
l897,20,44.81309343,0,Capomulin,Male,17,19
f345,20,49.61338303,0,Infubinol,Male,23,26
c559,20,52.60436695,2,Zoniferol,Female,19,28
r944,20,43.22567119,1,Capomulin,Male,12,25
p438,20,52.90529861,0,Ceftamin,Female,11,26
o795,20,60.61005916,3,Placebo,Female,20,26
y865,20,52.36198241,1,Ceftamin,Male,23,26
x773,20,49.7397129,3,Placebo,Female,21,30
w193,20,50.00513807,0,Infubinol,Male,22,30
j365,20,50.93935278,1,Zoniferol,Male,24,28
q483,20,50.2398558,1,Ceftamin,Male,6,26
j119,20,48.15820939,1,Capomulin,Female,7,23
e476,20,55.24927296,0,Infubinol,Male,23,26
w167,20,57.54815669,0,Placebo,Female,6,28
q582,20,51.18597648,2,Placebo,Male,5,30
p136,20,54.91379857,1,Zoniferol,Female,5,28
w584,20,53.32350743,1,Infubinol,Male,3,29
b487,20,53.42766344,0,Ceftamin,Female,6,28
y478,20,56.84885016,1,Placebo,Female,3,25
g316,20,45.93332219,1,Capomulin,Female,22,22
a203,20,55.17333648,1,Infubinol,Female,20,23
o287,20,50.85614078,2,Ceftamin,Male,2,28
j246,20,44.02037009,0,Capomulin,Female,21,21
j235,20,52.94290169,1,Placebo,Male,6,30
m550,20,53.75794476,3,Ketapril,Male,18,28
a818,20,54.8346245,0,Naftisol,Female,12,28
i901,20,55.97440502,0,Stelasyn,Male,23,29
v923,20,39.64829568,0,Capomulin,Female,19,21
c758,20,43.1263114,1,Ramicane,Male,9,17
v295,20,55.73137535,3,Naftisol,Female,2,27
k862,20,57.05784818,1,Stelasyn,Female,13,25
z578,20,36.89001635,0,Ramicane,Male,11,16
o331,20,58.96572043,1,Ketapril,Male,24,30
g791,20,41.211897,0,Ramicane,Male,11,16
w697,20,54.22809098,3,Stelasyn,Female,14,30
c819,20,49.76241475,1,Ketapril,Male,21,25
k403,20,32.99772858,1,Ramicane,Male,21,16
m133,20,52.63688249,1,Naftisol,Female,2,26
j984,20,54.37251567,1,Stelasyn,Female,2,30
c832,20,56.71023353,1,Ketapril,Male,18,29
q597,20,41.9255866,0,Ramicane,Male,20,25
t565,20,39.0702138,0,Capomulin,Female,20,17
c402,20,54.88332044,2,Stelasyn,Female,1,27
h333,20,51.99780618,2,Stelasyn,Male,21,27
k510,20,52.10557382,1,Stelasyn,Female,8,27
o973,20,51.9569931,1,Ketapril,Female,11,29
l700,20,50.73476811,1,Naftisol,Female,18,27
p981,20,50.35806947,0,Stelasyn,Male,20,29
m650,20,56.7779388,2,Ketapril,Male,15,27
j989,20,41.63534426,1,Ramicane,Male,8,19
b879,20,53.98343568,1,Stelasyn,Female,4,26
g107,20,62.70603145,0,Ketapril,Female,2,29
a644,20,45.86506461,0,Ramicane,Female,7,17
y793,20,40.71642815,2,Capomulin,Male,17,17
i557,20,43.96789516,0,Capomulin,Female,1,24
e291,20,52.53376479,1,Naftisol,Female,14,29
c580,20,55.57532195,2,Ketapril,Male,22,25
k382,20,57.82435071,2,Ketapril,Male,22,29
w422,20,53.67624336,1,Ketapril,Female,18,26
s508,20,35.92865083,0,Ramicane,Male,1,17
e584,20,50.34492095,2,Naftisol,Male,9,27
x264,20,53.07426973,1,Naftisol,Female,21,27
e213,20,52.61376289,2,Naftisol,Male,8,27
r921,20,44.13631588,0,Ramicane,Female,5,25
j755,20,55.49660753,1,Naftisol,Male,23,27
e662,20,44.0012958,0,Ramicane,Male,8,24
r701,20,54.11413742,0,Naftisol,Male,21,25
y260,20,50.72958174,3,Ketapril,Female,7,25
i177,20,35.34536136,0,Ramicane,Male,10,18
r811,20,40.7728027,0,Ramicane,Male,9,19
s565,20,57.04618912,1,Stelasyn,Female,3,29
m546,20,36.71229535,0,Ramicane,Male,18,16
a366,20,57.28598742,0,Stelasyn,Female,16,29
t724,20,57.22940914,0,Naftisol,Female,2,25
p387,20,56.5876168,0,Stelasyn,Male,3,30
v289,20,54.25005397,0,Ketapril,Female,3,26
h246,20,57.93591218,1,Ketapril,Male,13,30
l725,20,59.6151548,2,Naftisol,Female,8,26
z969,20,57.89877823,2,Naftisol,Male,9,30
w540,20,50.67272745,2,Stelasyn,Female,8,26
i334,20,39.6878317,0,Ramicane,Female,8,20
v835,20,51.29654266,2,Naftisol,Male,7,29
a444,20,41.71461874,0,Ramicane,Female,10,25
t451,20,51.06367793,0,Stelasyn,Male,8,29
a492,20,53.67719253,0,Stelasyn,Male,20,25
g288,20,42.95712001,1,Capomulin,Male,3,19
x402,20,50.41475041,2,Stelasyn,Male,21,28
n923,20,52.59920611,1,Ketapril,Male,19,30
i738,20,38.53113634,0,Capomulin,Female,23,20
n364,20,37.4788685,0,Ramicane,Male,4,17
f234,20,51.11271293,2,Stelasyn,Male,14,28
m601,20,34.2557317,1,Capomulin,Male,22,17
f993,20,52.07951009,1,Naftisol,Male,21,28
c458,20,39.50513508,2,Ramicane,Female,23,20
u196,20,46.10536303,1,Ramicane,Male,18,25
a411,20,38.08737318,1,Ramicane,Male,3,22
x930,20,52.55606575,0,Naftisol,Male,13,26
u327,20,53.18987907,0,Ketapril,Male,17,25
q610,20,46.58543347,0,Ramicane,Female,18,21
b559,20,55.65445572,1,Naftisol,Male,20,26
j913,20,42.16834132,0,Ramicane,Female,4,17
v603,20,53.72124193,0,Ketapril,Female,22,30
g497,20,55.09699356,1,Ketapril,Male,19,28
z795,20,53.28065717,1,Naftisol,Female,13,29
a520,20,35.94774514,0,Ramicane,Male,13,21
d474,20,51.73149416,0,Ketapril,Male,18,27
d251,20,37.65209085,1,Ramicane,Female,8,19
s710,20,42.62996266,1,Capomulin,Female,1,23
r604,20,51.90275292,1,Naftisol,Male,7,30
x401,20,36.06583471,0,Capomulin,Female,16,15
m269,20,61.14586638,0,Stelasyn,Female,22,28
a963,20,51.46373448,0,Stelasyn,Female,23,27
p189,20,56.53020447,3,Ketapril,Male,8,28
n304,20,49.25330863,1,Naftisol,Male,9,26
u149,25,52.92534846,0,Ceftamin,Male,24,29
x264,25,56.89105283,2,Naftisol,Female,21,27
l725,25,65.00882889,2,Naftisol,Female,8,26
i177,25,34.0821803,1,Ramicane,Male,10,18
l471,25,52.84755893,1,Ceftamin,Female,7,28
r944,25,41.08699106,1,Capomulin,Male,12,25
v295,25,57.69185918,3,Naftisol,Female,2,27
x930,25,53.7261013,0,Naftisol,Male,13,26
c927,25,56.54551947,2,Propriva,Female,4,26
a520,25,36.55858129,1,Ramicane,Male,13,21
y865,25,57.17353846,2,Ceftamin,Male,23,26
b559,25,57.04366929,1,Naftisol,Male,20,26
m546,25,37.44444543,0,Ramicane,Male,18,16
v991,25,60.01674733,2,Propriva,Female,10,30
l700,25,54.23450181,1,Naftisol,Female,18,27
w167,25,61.86857673,0,Placebo,Female,6,28
s710,25,43.06040875,1,Capomulin,Female,1,23
n304,25,53.97085924,2,Naftisol,Male,9,26
k210,25,54.61397279,0,Ceftamin,Male,15,28
p438,25,54.51057493,0,Ceftamin,Female,11,26
x581,25,51.93528318,3,Ceftamin,Female,19,28
q582,25,51.96821056,2,Placebo,Male,5,30
r604,25,52.93685812,1,Naftisol,Male,7,30
j119,25,42.41716589,1,Capomulin,Female,7,23
l490,25,55.81003359,2,Ceftamin,Male,24,26
q483,25,52.43006649,1,Ceftamin,Male,6,26
a275,25,53.57606417,1,Ceftamin,Female,20,28
a818,25,56.96627332,0,Naftisol,Female,12,28
l733,25,54.95166826,1,Ceftamin,Female,4,30
o287,25,52.06848642,3,Ceftamin,Male,2,28
z969,25,63.14565213,2,Naftisol,Male,9,30
m133,25,54.08243662,2,Naftisol,Female,2,26
t565,25,37.34220976,0,Capomulin,Female,20,17
l509,25,44.00625702,2,Capomulin,Male,17,21
o795,25,65.74177723,4,Placebo,Female,20,26
t724,25,59.82606797,1,Naftisol,Female,2,25
b759,25,55.08363235,0,Ceftamin,Female,12,25
b487,25,56.05774909,1,Ceftamin,Female,6,28
u196,25,46.7053254,1,Ramicane,Male,18,25
r701,25,57.89848998,1,Naftisol,Male,21,25
y478,25,57.82697598,1,Placebo,Female,3,25
x773,25,51.10442109,3,Placebo,Female,21,30
x822,25,54.04133326,2,Ceftamin,Male,3,29
o809,25,52.31817407,1,Infubinol,Male,3,25
i557,25,44.59621854,0,Capomulin,Female,1,24
p136,25,56.28147652,1,Zoniferol,Female,5,28
c559,25,54.55544168,2,Zoniferol,Female,19,28
m269,25,64.89301976,0,Stelasyn,Female,22,28
a788,25,56.7702803,1,Zoniferol,Male,5,30
x401,25,36.61712031,0,Capomulin,Female,16,15
a963,25,52.12980374,0,Stelasyn,Female,23,27
l897,25,45.35467916,0,Capomulin,Male,17,19
s337,25,50.9706889,2,Zoniferol,Male,14,27
b313,25,55.74514628,1,Zoniferol,Male,12,27
j989,25,39.93411249,1,Ramicane,Male,8,19
q511,25,57.25758287,0,Zoniferol,Female,2,28
t451,25,55.52755345,0,Stelasyn,Male,8,29
c302,25,55.07622853,3,Zoniferol,Female,10,29
o926,25,54.76333852,3,Zoniferol,Male,15,29
p981,25,52.5447048,1,Stelasyn,Male,20,29
c264,25,56.96676876,2,Zoniferol,Female,11,27
d251,25,38.09751328,1,Ramicane,Female,8,19
w540,25,52.60026955,2,Stelasyn,Female,8,26
j365,25,51.8103204,1,Zoniferol,Male,24,28
j913,25,37.86066936,0,Ramicane,Female,4,17
a411,25,38.7014384,1,Ramicane,Male,3,22
k894,25,52.32583833,2,Zoniferol,Female,13,29
g296,25,55.6701066,3,Zoniferol,Female,14,29
w914,25,40.29191661,0,Capomulin,Male,24,21
q610,25,40.14645019,0,Ramicane,Female,18,21
w575,25,58.58732169,1,Zoniferol,Female,16,28
h333,25,53.73091434,2,Stelasyn,Male,21,27
m601,25,33.11875607,1,Capomulin,Male,22,17
q633,25,55.6831017,1,Zoniferol,Male,12,25
f234,25,52.17860221,2,Stelasyn,Male,14,28
f545,25,60.25348139,1,Zoniferol,Female,20,26
x402,25,52.43173664,2,Stelasyn,Male,21,28
a401,25,54.20983551,3,Zoniferol,Female,8,25
a492,25,54.70122868,1,Stelasyn,Male,20,25
a444,25,42.29139437,0,Ramicane,Female,10,25
c458,25,37.75314964,2,Ramicane,Female,23,20
z795,25,57.94709984,2,Naftisol,Female,13,29
s185,25,33.94994037,0,Capomulin,Female,3,17
a366,25,59.01172817,0,Stelasyn,Female,16,29
s187,25,56.48521984,1,Propriva,Male,22,25
s565,25,58.55361079,1,Stelasyn,Female,3,29
r921,25,42.65534089,1,Ramicane,Female,5,25
o302,25,60.51710253,0,Placebo,Female,2,29
g570,25,56.8494056,1,Propriva,Male,16,29
j755,25,58.05581822,1,Naftisol,Male,23,27
e213,25,55.22447615,2,Naftisol,Male,8,27
t718,25,55.87658787,3,Placebo,Female,10,30
u364,25,35.50361557,2,Capomulin,Male,18,17
g558,25,55.75408257,2,Propriva,Male,8,29
e584,25,51.38641908,2,Naftisol,Male,9,27
e291,25,55.1389525,2,Naftisol,Female,14,29
a644,25,41.48122408,0,Ramicane,Female,7,17
o562,25,54.74273316,1,Propriva,Female,4,25
r811,25,37.61401068,0,Ramicane,Male,9,19
r107,25,57.70666715,1,Propriva,Female,2,28
p387,25,58.09848946,0,Stelasyn,Male,3,30
i635,25,52.92882323,1,Propriva,Male,21,26
w350,25,52.80591518,1,Propriva,Male,7,26
k403,25,33.46457735,1,Ramicane,Male,21,16
j984,25,57.06435479,1,Stelasyn,Female,2,30
p310,25,55.34183416,2,Propriva,Male,6,26
a897,25,56.41331977,3,Placebo,Male,7,28
a699,25,51.84638147,0,Propriva,Female,5,28
w697,25,57.6103943,3,Stelasyn,Female,14,30
c402,25,58.26988853,2,Stelasyn,Female,1,27
b742,25,38.61768433,0,Capomulin,Male,7,21
k862,25,58.7192973,2,Stelasyn,Female,13,25
t198,25,56.18466399,3,Propriva,Male,22,26
c758,25,43.6022673,1,Ramicane,Male,9,17
c757,25,57.10641821,2,Placebo,Male,9,27
s141,25,53.80437038,1,Propriva,Male,8,25
i901,25,56.575195,0,Stelasyn,Male,23,29
b879,25,56.46998744,2,Stelasyn,Female,4,26
v923,25,40.15641269,1,Capomulin,Female,19,21
y769,25,58.33595901,3,Ceftamin,Female,6,27
g791,25,35.56939935,1,Ramicane,Male,11,16
c282,25,56.29220039,1,Placebo,Male,12,27
s121,25,55.65068132,2,Infubinol,Male,23,26
g107,25,64.66362579,0,Ketapril,Female,2,29
k804,25,55.67480798,1,Infubinol,Female,23,29
w151,25,51.8690587,2,Ceftamin,Male,24,25
d474,25,54.27932462,0,Ketapril,Male,18,27
e227,25,60.60029169,1,Placebo,Male,1,30
m550,25,57.62068237,4,Ketapril,Male,18,28
r554,25,33.89334515,3,Capomulin,Female,8,17
f345,25,53.0788944,0,Infubinol,Male,23,26
c139,25,61.46196976,0,Infubinol,Male,11,28
g288,25,42.36869239,1,Capomulin,Male,3,19
p189,25,62.10895956,3,Ketapril,Male,8,28
g497,25,57.52444611,2,Ketapril,Male,19,28
g316,25,46.80922469,1,Capomulin,Female,22,22
y260,25,54.43756172,4,Ketapril,Female,7,25
c895,25,57.53419288,2,Infubinol,Female,7,29
i334,25,38.24881732,1,Ramicane,Female,8,20
h246,25,59.5488537,1,Ketapril,Male,13,30
k483,25,57.43200731,2,Infubinol,Female,20,30
z578,25,37.41411419,0,Ramicane,Male,11,16
c766,25,58.21462437,3,Placebo,Female,13,26
a577,25,54.38093154,2,Infubinol,Female,6,25
c819,25,51.82835706,1,Ketapril,Male,21,25
q597,25,42.57570709,1,Ramicane,Male,20,25
c832,25,58.89181644,2,Ketapril,Male,18,29
i669,25,53.30318455,2,Placebo,Female,18,27
a685,25,51.93995092,0,Infubinol,Male,8,30
a262,25,60.13186217,2,Placebo,Female,17,29
m650,25,62.2535969,2,Ketapril,Male,15,27
y163,25,56.17638452,1,Infubinol,Female,17,27
n671,25,56.17445785,0,Infubinol,Male,18,25
v289,25,56.72009545,0,Ketapril,Female,3,26
b128,25,43.26214483,1,Capomulin,Female,9,22
m957,25,37.69543154,1,Capomulin,Female,3,19
o973,25,53.17981471,1,Ketapril,Female,11,29
n763,25,53.40587053,2,Placebo,Female,16,25
o331,25,61.10230575,1,Ketapril,Male,24,30
j296,25,55.76714817,3,Ceftamin,Female,24,30
q132,25,52.7804893,4,Infubinol,Female,1,30
w584,25,55.65083791,1,Infubinol,Male,3,29
j246,25,44.55522595,0,Capomulin,Female,21,21
e476,25,57.408638,0,Infubinol,Male,23,26
c580,25,56.28906231,2,Ketapril,Male,22,25
u327,25,56.05963409,0,Ketapril,Male,17,25
i386,25,56.68786392,3,Infubinol,Female,23,29
s152,25,64.11914213,2,Placebo,Female,4,30
w422,25,56.95791715,2,Ketapril,Female,18,26
v603,25,56.07523001,1,Ketapril,Female,22,30
a251,25,57.4146457,1,Infubinol,Female,21,25
l661,25,53.18065678,2,Ceftamin,Male,18,26
k382,25,59.50390392,3,Ketapril,Male,22,29
i738,25,34.97343761,0,Capomulin,Female,23,20
n923,25,56.85546498,2,Ketapril,Male,19,30
e662,25,44.66459432,1,Ramicane,Male,8,24
n364,25,33.20500824,0,Ramicane,Male,4,17
q787,25,52.71318786,2,Placebo,Male,17,27
y793,25,38.9927339,2,Capomulin,Male,17,17
z581,25,54.31640682,2,Infubinol,Female,24,25
s508,25,36.33856894,0,Ramicane,Male,1,17
a203,25,56.79320832,1,Infubinol,Female,20,23
m650,30,64.90188755,3,Ketapril,Male,15,27
n763,30,55.41365961,3,Placebo,Female,16,25
z578,30,37.81593487,0,Ramicane,Male,11,16
c758,30,44.11827028,1,Ramicane,Male,9,17
v923,30,40.75221626,2,Capomulin,Female,19,21
k862,30,60.60543979,3,Stelasyn,Female,13,25
g570,30,60.32871705,1,Propriva,Male,16,29
e584,30,54.98440767,3,Naftisol,Male,9,27
t198,30,56.92497431,3,Propriva,Male,22,26
s141,30,55.84141007,1,Propriva,Male,8,25
c139,30,64.14987077,1,Infubinol,Male,11,28
w422,30,60.09663467,3,Ketapril,Female,18,26
b742,30,39.1679495,0,Capomulin,Male,7,21
i557,30,45.26138381,0,Capomulin,Female,1,24
u364,30,35.9783344,2,Capomulin,Male,18,17
g316,30,44.22147988,2,Capomulin,Female,22,22
r921,30,43.41938077,1,Ramicane,Female,5,25
m550,30,60.85654272,4,Ketapril,Male,18,28
e213,30,56.45872864,3,Naftisol,Male,8,27
a203,30,59.52319728,1,Infubinol,Female,20,23
a644,30,37.21112063,0,Ramicane,Female,7,17
j755,30,60.00720978,1,Naftisol,Male,23,27
r107,30,58.40647256,1,Propriva,Female,2,28
p387,30,63.26924552,0,Stelasyn,Male,3,30
c895,30,60.96971133,2,Infubinol,Female,7,29
r811,30,38.24206639,0,Ramicane,Male,9,19
c580,30,58.04656941,3,Ketapril,Male,22,25
f345,30,54.36379731,1,Infubinol,Male,23,26
o302,30,62.03059364,1,Placebo,Female,2,29
e662,30,45.35023242,1,Ramicane,Male,8,24
b879,30,60.90761481,2,Stelasyn,Female,4,26
s565,30,63.66896678,1,Stelasyn,Female,3,29
t718,30,57.70411372,3,Placebo,Female,10,30
g558,30,58.95282911,3,Propriva,Male,8,29
c757,30,60.09857184,2,Placebo,Male,9,27
i901,30,60.59185755,0,Stelasyn,Male,23,29
i635,30,53.5970382,2,Propriva,Male,21,26
s187,30,60.00878263,2,Propriva,Male,22,25
c402,30,63.74319428,2,Stelasyn,Female,1,27
a699,30,54.37934505,0,Propriva,Female,5,28
c264,30,57.82391556,2,Zoniferol,Female,11,27
p136,30,57.05280546,1,Zoniferol,Female,5,28
g497,30,61.108186,2,Ketapril,Male,19,28
d251,30,38.71825638,2,Ramicane,Female,8,19
r554,30,32.68065459,3,Capomulin,Female,8,17
j365,30,54.40488176,1,Zoniferol,Male,24,28
z581,30,56.28674991,2,Infubinol,Female,24,25
a492,30,56.20104104,1,Stelasyn,Male,20,25
a444,30,42.78627835,0,Ramicane,Female,10,25
q787,30,55.03620625,2,Placebo,Male,17,27
a401,30,55.91016159,3,Zoniferol,Female,8,25
f545,30,65.89398607,1,Zoniferol,Female,20,26
x402,30,54.35158463,3,Stelasyn,Male,21,28
f234,30,56.87381654,2,Stelasyn,Male,14,28
a251,30,59.86124129,1,Infubinol,Female,21,25
q633,30,58.05725257,1,Zoniferol,Male,12,25
c458,30,38.34200823,2,Ramicane,Female,23,20
v603,30,57.99055378,1,Ketapril,Female,22,30
j246,30,38.04408202,1,Capomulin,Female,21,21
w575,30,60.15306524,1,Zoniferol,Female,16,28
w914,30,40.99311013,0,Capomulin,Male,24,21
q610,30,40.66834256,1,Ramicane,Female,18,21
i386,30,59.13364029,3,Infubinol,Female,23,29
m601,30,31.75827491,1,Capomulin,Male,22,17
k894,30,54.40012279,3,Zoniferol,Female,13,29
u327,30,57.31407239,0,Ketapril,Male,17,25
g296,30,57.99770642,3,Zoniferol,Female,14,29
j913,30,34.75724046,0,Ramicane,Female,4,17
q132,30,54.65654872,4,Infubinol,Female,1,30
i334,30,39.00555435,1,Ramicane,Female,8,20
x401,30,32.91529186,0,Capomulin,Female,16,15
o809,30,54.8326288,1,Infubinol,Male,3,25
c559,30,57.14614388,2,Zoniferol,Female,19,28
o331,30,66.33066347,1,Ketapril,Male,24,30
a897,30,59.91693443,3,Placebo,Male,7,28
a577,30,57.03186187,2,Infubinol,Female,6,25
j984,30,61.24050573,1,Stelasyn,Female,2,30
q597,30,43.33916123,1,Ramicane,Male,20,25
k403,30,31.09949753,1,Ramicane,Male,21,16
w350,30,55.87990896,1,Propriva,Male,7,26
c832,30,60.49637579,2,Ketapril,Male,18,29
s185,30,32.95967078,1,Capomulin,Female,3,17
w584,30,58.26844248,1,Infubinol,Male,3,29
y163,30,59.41253724,2,Infubinol,Female,17,27
h333,30,55.45528975,2,Stelasyn,Male,21,27
a262,30,64.95809178,3,Placebo,Female,17,29
w697,30,60.72063591,3,Stelasyn,Female,14,30
p981,30,56.33910432,1,Stelasyn,Male,20,29
c302,30,57.41974389,3,Zoniferol,Female,10,29
t451,30,59.27582268,0,Stelasyn,Male,8,29
k483,30,59.74707708,2,Infubinol,Female,20,30
q511,30,59.3643535,1,Zoniferol,Female,2,28
o973,30,57.76995952,1,Ketapril,Female,11,29
l897,30,39.35279201,1,Capomulin,Male,17,19
j989,30,34.67178107,1,Ramicane,Male,8,19
g288,30,42.87446056,1,Capomulin,Male,3,19
s337,30,52.74771768,3,Zoniferol,Male,14,27
a963,30,53.40166738,1,Stelasyn,Female,23,27
k804,30,59.24061511,2,Infubinol,Female,23,29
d474,30,55.34134157,0,Ketapril,Male,18,27
a788,30,60.41370908,1,Zoniferol,Male,5,30
m269,30,67.71250988,1,Stelasyn,Female,22,28
o926,30,56.91739838,3,Zoniferol,Male,15,29
b128,30,40.60533486,1,Capomulin,Female,9,22
a366,30,63.44068627,1,Stelasyn,Female,16,29
r701,30,60.34181872,1,Naftisol,Male,21,25
m957,30,38.21247939,1,Capomulin,Female,3,19
v295,30,59.33377202,3,Naftisol,Female,2,27
b759,30,55.74282869,1,Ceftamin,Female,12,25
n364,30,33.817758,0,Ramicane,Male,4,17
z969,30,65.84101274,3,Naftisol,Male,9,30
w151,30,56.76715821,2,Ceftamin,Male,24,25
l700,30,56.653215,1,Naftisol,Female,18,27
o287,30,54.50300122,3,Ceftamin,Male,2,28
t724,30,64.2345947,2,Naftisol,Female,2,25
r944,30,41.68079111,1,Capomulin,Male,12,25
x773,30,52.81311518,4,Placebo,Female,21,30
l509,30,44.70805473,2,Capomulin,Male,17,21
a275,30,54.44471317,2,Ceftamin,Female,20,28
g107,30,69.16051982,0,Ketapril,Female,2,29
s508,30,35.47402235,0,Ramicane,Male,1,17
l471,30,58.09360446,1,Ceftamin,Female,7,28
u196,30,47.62281636,2,Ramicane,Male,18,25
p438,30,56.40642173,0,Ceftamin,Female,11,26
j296,30,56.80306121,3,Ceftamin,Female,24,30
n923,30,59.63256052,3,Ketapril,Male,19,30
a411,30,39.13073724,1,Ramicane,Male,3,22
l733,30,56.31906537,1,Ceftamin,Female,4,30
p189,30,67.10453665,4,Ketapril,Male,8,28
n304,30,55.03901985,3,Naftisol,Male,9,26
q582,30,52.6488935,2,Placebo,Male,5,30
g791,30,34.95258284,1,Ramicane,Male,11,16
n671,30,60.16518046,0,Infubinol,Male,18,25
e227,30,62.46438515,2,Placebo,Male,1,30
o795,30,68.21706974,4,Placebo,Female,20,26
r604,30,54.68821536,2,Naftisol,Male,7,30
x581,30,55.49282602,3,Ceftamin,Female,19,28
c819,30,56.0989982,1,Ketapril,Male,21,25
l490,30,57.91838132,3,Ceftamin,Male,24,26
a818,30,60.07237198,0,Naftisol,Female,12,28
c766,30,60.2559245,3,Placebo,Female,13,26
l725,30,66.59954515,3,Naftisol,Female,8,26
q483,30,54.95222585,1,Ceftamin,Male,6,26
t565,30,32.86891617,0,Capomulin,Female,20,17
j119,30,43.01368114,1,Capomulin,Female,7,23
l661,30,55.32909936,2,Ceftamin,Male,18,26
m546,30,37.96993365,0,Ramicane,Male,18,16
x822,30,55.44515483,2,Ceftamin,Male,3,29
k210,30,59.98950976,1,Ceftamin,Male,15,28
w167,30,67.19787186,0,Placebo,Female,6,28
h246,30,63.59960954,1,Ketapril,Male,13,30
s710,30,43.57170323,1,Capomulin,Female,1,23
v991,30,62.74364308,3,Propriva,Female,10,30
b559,30,61.19038663,1,Naftisol,Male,20,26
i738,30,35.57877987,1,Capomulin,Female,23,20
z795,30,59.7896359,2,Naftisol,Female,13,29
c282,30,59.00590207,1,Placebo,Male,12,27
e476,30,57.99279743,1,Infubinol,Male,23,26
k382,30,63.46944155,4,Ketapril,Male,22,29
y769,30,61.07194886,3,Ceftamin,Female,6,27
o562,30,59.65352453,1,Propriva,Female,4,25
i177,30,34.71147302,1,Ramicane,Male,10,18
y478,30,59.37461452,1,Placebo,Female,3,25
y865,30,59.0332753,3,Ceftamin,Male,23,26
a520,30,36.94770981,1,Ramicane,Male,13,21
x264,30,58.15869423,3,Naftisol,Female,21,27
a685,30,55.45385519,1,Infubinol,Male,8,30
y793,30,35.72602314,2,Capomulin,Male,17,17
y260,30,58.58267634,4,Ketapril,Female,7,25
c927,30,60.7539246,2,Propriva,Female,4,26
i334,35,39.7695521,2,Ramicane,Female,8,20
l897,35,37.68276664,1,Capomulin,Male,17,19
o809,35,55.62942846,1,Infubinol,Male,3,25
a520,35,37.62471026,1,Ramicane,Male,13,21
p189,35,67.87377675,4,Ketapril,Male,8,28
k483,35,60.54156159,2,Infubinol,Female,20,30
x822,35,56.79656665,2,Ceftamin,Male,3,29
a963,35,56.81397646,1,Stelasyn,Female,23,27
l725,35,69.12570173,3,Naftisol,Female,8,26
l733,35,57.60079774,1,Ceftamin,Female,4,30
m269,35,68.68991735,1,Stelasyn,Female,22,28
y478,35,61.88802678,1,Placebo,Female,3,25
s185,35,28.32853059,1,Capomulin,Female,3,17
s337,35,54.81081251,3,Zoniferol,Male,14,27
o973,35,60.24221931,1,Ketapril,Female,11,29
d474,35,56.47911257,0,Ketapril,Male,18,27
h246,35,67.2112701,2,Ketapril,Male,13,30
j989,35,35.1155898,1,Ramicane,Male,8,19
k804,35,62.11727887,2,Infubinol,Female,23,29
e227,35,66.94912136,3,Placebo,Male,1,30
w151,35,58.33914095,2,Ceftamin,Male,24,25
q511,35,60.83866059,1,Zoniferol,Female,2,28
l700,35,61.46260354,1,Naftisol,Female,18,27
t451,35,63.75698964,0,Stelasyn,Male,8,29
e662,35,43.22027636,1,Ramicane,Male,8,24
z581,35,58.62839878,3,Infubinol,Female,24,25
c264,35,61.07479506,2,Zoniferol,Female,11,27
w914,35,41.66491577,1,Capomulin,Male,24,21
l661,35,56.47412871,2,Ceftamin,Male,18,26
v603,35,63.18943184,1,Ketapril,Female,22,30
j246,35,38.75326548,1,Capomulin,Female,21,21
q610,35,36.56165229,2,Ramicane,Female,18,21
l509,35,40.2072885,2,Capomulin,Male,17,21
m546,35,38.62753581,1,Ramicane,Male,18,16
w575,35,63.68644503,2,Zoniferol,Female,16,28
i386,35,64.92542037,3,Infubinol,Female,23,29
y865,35,61.15313991,3,Ceftamin,Male,23,26
n364,35,34.48752204,1,Ramicane,Male,4,17
i738,35,36.17595269,1,Capomulin,Female,23,20
k894,35,55.36266238,4,Zoniferol,Female,13,29
c282,35,59.88765475,1,Placebo,Male,12,27
g296,35,60.38451978,4,Zoniferol,Female,14,29
u327,35,58.08902837,1,Ketapril,Male,17,25
j913,35,35.17014843,0,Ramicane,Female,4,17
y769,35,63.43063221,3,Ceftamin,Female,6,27
m601,35,30.83435704,1,Capomulin,Male,22,17
a444,35,41.73595083,0,Ramicane,Female,10,25
q633,35,63.1256593,1,Zoniferol,Male,12,25
l471,35,61.40599916,1,Ceftamin,Female,7,28
a251,35,60.90388455,1,Infubinol,Female,21,25
x401,35,30.20682488,0,Capomulin,Female,16,15
n304,35,57.12241926,4,Naftisol,Male,9,26
o795,35,69.08509415,4,Placebo,Female,20,26
p136,35,57.63078195,1,Zoniferol,Female,5,28
n923,35,60.35629432,3,Ketapril,Male,19,30
r604,35,59.21700015,2,Naftisol,Male,7,30
t565,35,33.51567063,0,Capomulin,Female,20,17
d251,35,37.70852942,2,Ramicane,Female,8,19
j365,35,56.96120016,2,Zoniferol,Male,24,28
c559,35,59.45504074,2,Zoniferol,Female,19,28
a492,35,57.30855379,1,Stelasyn,Male,20,25
g497,35,64.0948893,2,Ketapril,Male,19,28
z969,35,69.17624607,4,Naftisol,Male,9,30
a401,35,60.34714467,3,Zoniferol,Female,8,25
f545,35,66.74292417,1,Zoniferol,Female,20,26
u196,35,47.00146542,2,Ramicane,Male,18,25
x402,35,55.24096223,3,Stelasyn,Male,21,28
r554,35,33.06933705,3,Capomulin,Female,8,17
q787,35,60.33385242,3,Placebo,Male,17,27
f234,35,57.74875831,2,Stelasyn,Male,14,28
j296,35,58.71448296,3,Ceftamin,Female,24,30
c302,35,62.23657157,3,Zoniferol,Female,10,29
c832,35,61.12448717,2,Ketapril,Male,18,29
g288,35,38.95411458,1,Capomulin,Male,3,19
f345,35,56.52332726,1,Infubinol,Male,23,26
g107,35,71.90511721,0,Ketapril,Female,2,29
b559,35,65.70576275,1,Naftisol,Male,20,26
r701,35,64.73001045,1,Naftisol,Male,21,25
m550,35,62.53915386,4,Ketapril,Male,18,28
x773,35,55.19273639,4,Placebo,Female,21,30
b128,35,37.96764437,1,Capomulin,Female,9,22
p387,35,66.4922038,1,Stelasyn,Male,3,30
t724,35,67.74432795,2,Naftisol,Female,2,25
s565,35,64.77657909,2,Stelasyn,Female,3,29
r811,35,36.00302016,1,Ramicane,Male,9,19
i635,35,55.67999656,2,Propriva,Male,21,26
o287,35,55.11829029,4,Ceftamin,Male,2,28
c766,35,65.95236791,4,Placebo,Female,13,26
o926,35,58.59399318,3,Zoniferol,Male,15,29
r944,35,40.40176542,2,Capomulin,Male,12,25
i901,35,62.12733561,0,Stelasyn,Male,23,29
g316,35,44.70283296,2,Capomulin,Female,22,22
a818,35,63.29854586,0,Naftisol,Female,12,28
m650,35,69.26574681,4,Ketapril,Male,15,27
b879,35,64.26088633,2,Stelasyn,Female,4,26
z578,35,38.50482444,0,Ramicane,Male,11,16
n763,35,57.38241296,3,Placebo,Female,16,25
y793,35,36.3278696,2,Capomulin,Male,17,17
u364,35,35.45948978,2,Capomulin,Male,18,17
k382,35,66.07918483,4,Ketapril,Male,22,29
t718,35,60.46389851,3,Placebo,Female,10,30
e584,35,58.08655989,3,Naftisol,Male,9,27
e476,35,60.0643402,1,Infubinol,Male,23,26
v991,35,63.89531294,4,Propriva,Female,10,30
g558,35,60.86215883,4,Propriva,Male,8,29
z795,35,60.43565416,2,Naftisol,Female,13,29
i557,35,45.94194901,0,Capomulin,Female,1,24
p438,35,57.53855546,1,Ceftamin,Female,11,26
w167,35,68.13428817,0,Placebo,Female,6,28
i177,35,35.1521662,1,Ramicane,Male,10,18
a203,35,61.93165007,2,Infubinol,Female,20,23
a644,35,35.12863083,0,Ramicane,Female,7,17
c927,35,61.87227365,3,Propriva,Female,4,26
j755,35,62.7328576,1,Naftisol,Male,23,27
y260,35,59.60355821,4,Ketapril,Female,7,25
w422,35,61.40961994,4,Ketapril,Female,18,26
x264,35,61.29960778,4,Naftisol,Female,21,27
g570,35,62.3304204,2,Propriva,Male,16,29
e213,35,58.24585435,3,Naftisol,Male,8,27
q483,35,59.25348433,1,Ceftamin,Male,6,26
c757,35,64.29116351,2,Placebo,Male,9,27
a411,35,39.71723589,1,Ramicane,Male,3,22
o562,35,65.36076742,1,Propriva,Female,4,25
a685,35,58.09262925,1,Infubinol,Male,8,30
a897,35,64.0528731,3,Placebo,Male,7,28
o331,35,70.12623754,2,Ketapril,Male,24,30
q597,35,43.80720142,1,Ramicane,Male,20,25
j984,35,64.05539896,1,Stelasyn,Female,2,30
v295,35,61.89315267,3,Naftisol,Female,2,27
q582,35,53.71315792,2,Placebo,Male,5,30
k862,35,66.58072244,3,Stelasyn,Female,13,25
j119,35,43.76570537,1,Capomulin,Female,7,23
k210,35,63.32933023,1,Ceftamin,Male,15,28
y163,35,61.73019562,2,Infubinol,Female,17,27
a275,35,56.35353804,2,Ceftamin,Female,20,28
w350,35,56.68355758,1,Propriva,Male,7,26
s508,35,35.8461407,0,Ramicane,Male,1,17
k403,35,26.54699343,1,Ramicane,Male,21,16
a699,35,56.51068234,1,Propriva,Female,5,28
s710,35,44.16051879,1,Capomulin,Female,1,23
c402,35,65.8079627,2,Stelasyn,Female,1,27
c819,35,57.72953466,1,Ketapril,Male,21,25
x581,35,58.07758293,3,Ceftamin,Female,19,28
c139,35,67.82141969,1,Infubinol,Male,11,28
a262,35,66.56196302,4,Placebo,Female,17,29
m957,35,32.56283914,1,Capomulin,Female,3,19
b742,35,39.84757556,0,Capomulin,Male,7,21
c758,35,37.80238546,1,Ramicane,Male,9,17
v923,35,41.43924156,2,Capomulin,Female,19,21
w697,35,63.68904216,3,Stelasyn,Female,14,30
p981,35,59.13102297,1,Stelasyn,Male,20,29
t198,35,57.73594116,3,Propriva,Male,22,26
g791,35,30.96039194,1,Ramicane,Male,11,16
a262,40,69.59273198,4,Placebo,Female,17,29
a644,40,35.77945086,0,Ramicane,Female,7,17
i334,40,40.44237037,2,Ramicane,Female,8,20
a520,40,38.25972497,1,Ramicane,Male,13,21
k894,40,58.64705616,4,Zoniferol,Female,13,29
e662,40,44.00672385,2,Ramicane,Male,8,24
n364,40,34.95473311,1,Ramicane,Male,4,17
k403,40,24.36550471,1,Ramicane,Male,21,16
b128,40,38.3797259,2,Capomulin,Female,9,22
i177,40,35.55793279,2,Ramicane,Male,10,18
c302,40,63.28107148,4,Zoniferol,Female,10,29
s508,40,32.79817119,0,Ramicane,Male,1,17
y478,40,65.97112017,1,Placebo,Female,3,25
t718,40,61.5303989,3,Placebo,Female,10,30
c282,40,65.02179944,2,Placebo,Male,12,27
o795,40,70.26647887,4,Placebo,Female,20,26
m546,40,35.1145752,1,Ramicane,Male,18,16
z578,40,34.02209336,0,Ramicane,Male,11,16
g791,40,31.36940573,1,Ramicane,Male,11,16
c758,40,32.83318858,1,Ramicane,Male,9,17
d251,40,38.26540379,2,Ramicane,Female,8,19
c264,40,65.70832272,2,Zoniferol,Female,11,27
u196,40,43.45368679,2,Ramicane,Male,18,25
c757,40,66.60436771,2,Placebo,Male,9,27
r811,40,36.5200329,1,Ramicane,Male,9,19
c766,40,67.68529456,4,Placebo,Female,13,26
e227,40,70.7152176,3,Placebo,Male,1,30
n763,40,58.01114583,4,Placebo,Female,16,25
f545,40,71.10811835,1,Zoniferol,Female,20,26
r944,40,41.0420449,2,Capomulin,Male,12,25
x773,40,55.98767551,4,Placebo,Female,21,30
s185,40,25.47214326,1,Capomulin,Female,3,17
a897,40,67.21174279,4,Placebo,Male,7,28
q787,40,62.0341267,3,Placebo,Male,17,27
a444,40,42.50492554,0,Ramicane,Female,10,25
m601,40,31.3780453,1,Capomulin,Male,22,17
t565,40,33.94934131,0,Capomulin,Female,20,17
q597,40,44.47182121,2,Ramicane,Male,20,25
j989,40,35.50119014,1,Ramicane,Male,8,19
u327,40,60.46654541,1,Ketapril,Male,17,25
b879,40,67.18912666,2,Stelasyn,Female,4,26
j755,40,67.2077103,1,Naftisol,Male,23,27
y260,40,60.91417627,4,Ketapril,Female,7,25
g570,40,68.52585616,2,Propriva,Male,16,29
a275,40,60.92153868,3,Ceftamin,Female,20,28
s710,40,40.17192011,1,Capomulin,Female,1,23
s565,40,67.22100698,2,Stelasyn,Female,3,29
p387,40,69.03887618,1,Stelasyn,Male,3,30
l471,40,63.84485785,1,Ceftamin,Female,7,28
i635,40,56.84243514,3,Propriva,Male,21,26
e476,40,61.52527583,1,Infubinol,Male,23,26
k382,40,67.42095521,4,Ketapril,Male,22,29
j119,40,44.5850896,1,Capomulin,Female,7,23
i901,40,64.30345451,0,Stelasyn,Male,23,29
a203,40,63.59349002,2,Infubinol,Female,20,23
b742,40,38.2556274,0,Capomulin,Male,7,21
w422,40,63.07258467,4,Ketapril,Female,18,26
k862,40,67.57134128,4,Stelasyn,Female,13,25
t198,40,59.12995997,4,Propriva,Male,22,26
k210,40,66.62283628,2,Ceftamin,Male,15,28
a699,40,58.60544816,1,Propriva,Female,5,28
f345,40,58.3155925,1,Infubinol,Male,23,26
v923,40,42.1510148,2,Capomulin,Female,19,21
m550,40,68.21072019,4,Ketapril,Male,18,28
l661,40,59.20566876,3,Ceftamin,Male,18,26
o287,40,57.1971929,4,Ceftamin,Male,2,28
v295,40,65.46607444,3,Naftisol,Female,2,27
e213,40,60.23654797,3,Naftisol,Male,8,27
w151,40,62.18795039,2,Ceftamin,Male,24,25
p189,40,74.10609077,4,Ketapril,Male,8,28
t724,40,69.72832559,2,Naftisol,Female,2,25
q483,40,64.19234114,1,Ceftamin,Male,6,26
r701,40,66.64072178,1,Naftisol,Male,21,25
p438,40,59.30528806,1,Ceftamin,Female,11,26
a818,40,69.27381374,1,Naftisol,Female,12,28
x264,40,63.28328821,4,Naftisol,Female,21,27
c927,40,64.18322918,4,Propriva,Female,4,26
a411,40,40.25881765,1,Ramicane,Male,3,22
j296,40,60.07268848,3,Ceftamin,Female,24,30
a685,40,60.56790371,2,Infubinol,Male,8,30
z795,40,62.37663884,3,Naftisol,Female,13,29
v991,40,64.8511286,4,Propriva,Female,10,30
h246,40,71.15083468,2,Ketapril,Male,13,30
u364,40,36.02413752,2,Capomulin,Male,18,17
o562,40,71.17246321,1,Propriva,Female,4,25
m957,40,32.94761484,1,Capomulin,Female,3,19
c819,40,62.17570465,1,Ketapril,Male,21,25
x581,40,60.28040549,3,Ceftamin,Female,19,28
e584,40,62.81687083,4,Naftisol,Male,9,27
g558,40,61.77496268,4,Propriva,Male,8,29
y793,40,31.47541076,2,Capomulin,Male,17,17
i557,40,46.82106972,1,Capomulin,Female,1,24
j984,40,67.77708036,1,Stelasyn,Female,2,30
l725,40,73.69349382,3,Naftisol,Female,8,26
g316,40,45.56582103,2,Capomulin,Female,22,22
p136,40,61.38024887,1,Zoniferol,Female,5,28
r604,40,60.18611531,2,Naftisol,Male,7,30
a492,40,57.92849897,1,Stelasyn,Male,20,25
k483,40,64.13872489,3,Infubinol,Female,20,30
o973,40,64.48781246,2,Ketapril,Female,11,29
j365,40,62.32717066,2,Zoniferol,Male,24,28
d474,40,60.23373278,1,Ketapril,Male,18,27
l509,40,40.77081259,2,Capomulin,Male,17,21
z581,40,60.05373963,3,Infubinol,Female,24,25
a401,40,61.76860538,4,Zoniferol,Female,8,25
g497,40,67.74281406,2,Ketapril,Male,19,28
x402,40,56.69172294,3,Stelasyn,Male,21,28
y865,40,63.46954946,3,Ceftamin,Male,23,26
q633,40,68.49863876,2,Zoniferol,Male,12,25
z969,40,70.31490411,4,Naftisol,Male,9,30
a251,40,63.09507565,1,Infubinol,Female,21,25
w914,40,35.61130861,2,Capomulin,Male,24,21
w575,40,64.93840621,3,Zoniferol,Female,16,28
r554,40,31.80484133,3,Capomulin,Female,8,17
i386,40,67.28962147,4,Infubinol,Female,23,29
j913,40,31.00186078,1,Ramicane,Female,4,17
g296,40,62.22191493,4,Zoniferol,Female,14,29
i738,40,36.84389799,2,Capomulin,Female,23,20
c832,40,62.57231816,2,Ketapril,Male,18,29
c559,40,60.86184431,3,Zoniferol,Female,19,28
x401,40,28.16739732,0,Capomulin,Female,16,15
n304,40,59.83050667,4,Naftisol,Male,9,26
w350,40,62.32434769,2,Propriva,Male,7,26
m650,40,70.79706787,4,Ketapril,Male,15,27
c402,40,70.22229679,2,Stelasyn,Female,1,27
b559,40,69.96961645,1,Naftisol,Male,20,26
o926,40,59.90304448,3,Zoniferol,Male,15,29
c139,40,69.42814095,2,Infubinol,Male,11,28
l897,40,38.34390154,1,Capomulin,Male,17,19
x822,40,59.55568466,2,Ceftamin,Male,3,29
l700,40,62.98667798,1,Naftisol,Female,18,27
t451,40,67.65479599,1,Stelasyn,Male,8,29
y163,40,63.62067958,2,Infubinol,Female,17,27
q511,40,63.19442807,2,Zoniferol,Female,2,28
l733,40,59.4435065,1,Ceftamin,Female,4,30
m269,40,70.21464419,1,Stelasyn,Female,22,28
y769,40,64.25102761,4,Ceftamin,Female,6,27
g288,40,36.35685121,1,Capomulin,Male,3,19
n923,40,66.22960554,3,Ketapril,Male,19,30
a963,40,58.46378685,1,Stelasyn,Female,23,27
o331,40,71.44774251,3,Ketapril,Male,24,30
s337,40,56.99481589,4,Zoniferol,Male,14,27
n364,45,31.09533505,1,Ramicane,Male,4,17
b128,45,38.98287774,2,Capomulin,Female,9,22
l661,45,59.85195552,3,Ceftamin,Male,18,26
y865,45,64.72983655,3,Ceftamin,Male,23,26
y769,45,68.59474498,4,Ceftamin,Female,6,27
b559,45,73.05136339,1,Naftisol,Male,20,26
t565,45,34.45529799,0,Capomulin,Female,20,17
c282,45,65.81516535,2,Placebo,Male,12,27
l509,45,41.48300765,3,Capomulin,Male,17,21
j296,45,61.84902336,3,Ceftamin,Female,24,30
a411,45,38.4076183,1,Ramicane,Male,3,22
p189,45,75.2949359,4,Ketapril,Male,8,28
m650,45,73.90139912,4,Ketapril,Male,15,27
q597,45,45.22086888,2,Ramicane,Male,20,25
g288,45,37.07402422,1,Capomulin,Male,3,19
o331,45,78.56701362,4,Ketapril,Male,24,30
y163,45,67.68556862,3,Infubinol,Female,17,27
i334,45,36.37451039,2,Ramicane,Female,8,20
c139,45,72.2267309,2,Infubinol,Male,11,28
c832,45,65.41595451,3,Ketapril,Male,18,29
a262,45,70.71762058,4,Placebo,Female,17,29
z581,45,62.75445141,3,Infubinol,Female,24,25
g497,45,69.87225079,2,Ketapril,Male,19,28
a251,45,65.52574285,1,Infubinol,Female,21,25
q787,45,66.09647477,3,Placebo,Male,17,27
r554,45,32.37735684,3,Capomulin,Female,8,17
k483,45,66.19691151,3,Infubinol,Female,20,30
w151,45,67.52748237,3,Ceftamin,Male,24,25
g316,45,40.1592203,2,Capomulin,Female,22,22
m550,45,69.25350312,4,Ketapril,Male,18,28
e227,45,73.21293851,3,Placebo,Male,1,30
a685,45,66.08306589,3,Infubinol,Male,8,30
s508,45,30.27623175,0,Ramicane,Male,1,17
h246,45,74.10408567,2,Ketapril,Male,13,30
y793,45,31.8962384,2,Capomulin,Male,17,17
c766,45,69.82314577,4,Placebo,Female,13,26
z578,45,30.63869575,0,Ramicane,Male,11,16
m957,45,33.32909778,1,Capomulin,Female,3,19
e662,45,40.65900627,2,Ramicane,Male,8,24
e476,45,62.43540402,1,Infubinol,Male,23,26
k382,45,73.715619,4,Ketapril,Male,22,29
a203,45,67.97341878,2,Infubinol,Female,20,23
w422,45,67.98953001,4,Ketapril,Female,18,26
f345,45,60.91876652,1,Infubinol,Male,23,26
y260,45,62.90944062,4,Ketapril,Female,7,25
m546,45,30.56462509,1,Ramicane,Male,18,16
a818,45,74.99776443,2,Naftisol,Female,12,28
l471,45,67.74866174,1,Ceftamin,Female,7,28
s337,45,62.10965102,4,Zoniferol,Male,14,27
a963,45,62.76509317,1,Stelasyn,Female,23,27
q511,45,68.61106075,3,Zoniferol,Female,2,28
k403,45,22.05012627,1,Ramicane,Male,21,16
t451,45,68.7116302,1,Stelasyn,Male,8,29
o926,45,62.32796606,4,Zoniferol,Male,15,29
l897,45,38.84687569,1,Capomulin,Male,17,19
c302,45,64.57522157,4,Zoniferol,Female,10,29
w350,45,64.95756185,2,Propriva,Male,7,26
c402,45,74.04039018,3,Stelasyn,Female,1,27
v923,45,40.65812366,2,Capomulin,Female,19,21
c758,45,33.39765251,1,Ramicane,Male,9,17
j984,45,70.65383162,1,Stelasyn,Female,2,30
a699,45,62.19141437,1,Propriva,Female,5,28
a897,45,72.25596306,4,Placebo,Male,7,28
t198,45,64.91136268,4,Propriva,Male,22,26
k862,45,69.29914907,4,Stelasyn,Female,13,25
j989,45,36.13485243,1,Ramicane,Male,8,19
b742,45,38.93963263,0,Capomulin,Male,7,21
m269,45,75.12368955,1,Stelasyn,Female,22,28
c264,45,67.94212107,2,Zoniferol,Female,11,27
g296,45,68.16319517,4,Zoniferol,Female,14,29
j913,45,31.56046955,1,Ramicane,Female,4,17
w575,45,68.40128593,3,Zoniferol,Female,16,28
k894,45,60.75270417,4,Zoniferol,Female,13,29
a444,45,43.0475426,0,Ramicane,Female,10,25
q633,45,70.82779631,2,Zoniferol,Male,12,25
w914,45,36.04104736,2,Capomulin,Male,24,21
a401,45,66.79415599,4,Zoniferol,Female,8,25
f545,45,73.32443228,1,Zoniferol,Female,20,26
x402,45,61.61960615,3,Stelasyn,Male,21,28
j365,45,64.29408493,2,Zoniferol,Male,24,28
m601,45,28.43096411,1,Capomulin,Male,22,17
d251,45,37.31123552,2,Ramicane,Female,8,19
a492,45,60.12201052,1,Stelasyn,Male,20,25
x401,45,28.48403281,0,Capomulin,Female,16,15
p136,45,63.48869678,2,Zoniferol,Female,5,28
c559,45,61.84005842,4,Zoniferol,Female,19,28
s185,45,23.34359787,1,Capomulin,Female,3,17
i738,45,37.31184577,2,Capomulin,Female,23,20
i901,45,65.34181087,0,Stelasyn,Male,23,29
c757,45,69.04284082,3,Placebo,Male,9,27
t724,45,75.11328801,2,Naftisol,Female,2,25
s710,45,40.72857787,1,Capomulin,Female,1,23
x581,45,64.63494887,3,Ceftamin,Female,19,28
a275,45,62.99935619,3,Ceftamin,Female,20,28
a520,45,38.81036633,1,Ramicane,Male,13,21
k210,45,68.92318457,3,Ceftamin,Male,15,28
j119,45,38.1251644,1,Capomulin,Female,7,23
y478,45,66.84263453,1,Placebo,Female,3,25
l725,45,76.66881742,3,Naftisol,Female,8,26
x822,45,61.38666032,3,Ceftamin,Male,3,29
l700,45,63.94664044,1,Naftisol,Female,18,27
l733,45,64.29983003,1,Ceftamin,Female,4,30
n304,45,63.58639514,4,Naftisol,Male,9,26
o795,45,73.05945435,4,Placebo,Female,20,26
u196,45,40.66771292,3,Ramicane,Male,18,25
r604,45,62.67075904,3,Naftisol,Male,7,30
z969,45,73.86784476,4,Naftisol,Male,9,30
g791,45,29.12847181,1,Ramicane,Male,11,16
i635,45,58.63340414,3,Propriva,Male,21,26
o287,45,59.74190064,4,Ceftamin,Male,2,28
r701,45,69.77854407,1,Naftisol,Male,21,25
r811,45,37.22565033,1,Ramicane,Male,9,19
u327,45,66.26880133,2,Ketapril,Male,17,25
s565,45,72.58896447,2,Stelasyn,Female,3,29
g570,45,70.49278763,2,Propriva,Male,16,29
i557,45,47.68596303,1,Capomulin,Female,1,24
a644,45,32.97852192,1,Ramicane,Female,7,17
j755,45,69.56362076,1,Naftisol,Male,23,27
e213,45,63.1056963,4,Naftisol,Male,8,27
e584,45,68.3597767,4,Naftisol,Male,9,27
t718,45,63.42369517,4,Placebo,Female,10,30
o562,45,72.45542116,2,Propriva,Female,4,25
i177,45,33.56240217,3,Ramicane,Male,10,18
v991,45,70.16774899,4,Propriva,Female,10,30
z795,45,65.74107029,3,Naftisol,Female,13,29
r944,45,41.58152074,2,Capomulin,Male,12,25
u364,45,31.02392294,3,Capomulin,Male,18,17
p438,45,61.43389223,1,Ceftamin,Female,11,26
x773,45,58.63497149,4,Placebo,Female,21,30
b879,45,72.55523894,2,Stelasyn,Female,4,26
